id;year;Country name;ISO-alpha3 Code
2005-Afghanistan;2005;Afghanistan;AFG
2005-Albania;2005;Albania;ALB
2005-Algeria;2005;Algeria;DZA
2005-Angola;2005;Angola;AGO
2005-Argentina;2005;Argentina;ARG
2005-Armenia;2005;Armenia;ARM
2005-Australia;2005;Australia;AUS
2005-Austria;2005;Austria;AUT
2005-Azerbaijan;2005;Azerbaijan;AZE
2005-Bahrain;2005;Bahrain;BHR
2005-Bangladesh;2005;Bangladesh;BGD
2005-Belarus;2005;Belarus;BLR
2005-Belgium;2005;Belgium;BEL
2005-Belize;2005;Belize;BLZ
2005-Benin;2005;Benin;BEN
2005-Bhutan;2005;Bhutan;BTN
2005-Bolivia;2005;Bolivia;BOL
2005-Bosnia and Herzegovina;2005;Bosnia and Herzegovina;BIH
2005-Botswana;2005;Botswana;BWA
2005-Brazil;2005;Brazil;BRA
2005-Bulgaria;2005;Bulgaria;BGR
2005-Burkina Faso;2005;Burkina Faso;BFA
2005-Burundi;2005;Burundi;BDI
2005-Cambodia;2005;Cambodia;KHM
2005-Cameroon;2005;Cameroon;CMR
2005-Canada;2005;Canada;CAN
2005-Central African Republic;2005;Central African Republic;CAF
2005-Chad;2005;Chad;TCD
2005-Chile;2005;Chile;CHL
2005-China;2005;China;CHN
2005-Colombia;2005;Colombia;COL
2005-Comoros;2005;Comoros;COM
2005-Congo (Brazzaville);2005;Congo (Brazzaville);COG
2005-Congo (Kinshasa);2005;Congo (Kinshasa);COD
2005-Costa Rica;2005;Costa Rica;CRI
2005-Croatia;2005;Croatia;HRV
2005-Cuba;2005;Cuba;CUB
2005-Cyprus;2005;Cyprus;CYP
2005-Czech Republic;2005;Czech Republic;CZE
2005-Denmark;2005;Denmark;DNK
2005-Djibouti;2005;Djibouti;DJI
2005-Dominican Republic;2005;Dominican Republic;DOM
2005-Ecuador;2005;Ecuador;ECU
2005-Egypt;2005;Egypt;EGY
2005-El Salvador;2005;El Salvador;SLV
2005-Estonia;2005;Estonia;EST
2005-Ethiopia;2005;Ethiopia;ETH
2005-Finland;2005;Finland;FIN
2005-France;2005;France;FRA
2005-Gabon;2005;Gabon;GAB
2005-Gambia;2005;Gambia;GMB
2005-Georgia;2005;Georgia;GEO
2005-Germany;2005;Germany;DEU
2005-Ghana;2005;Ghana;GHA
2005-Greece;2005;Greece;GRC
2005-Guatemala;2005;Guatemala;GTM
2005-Guinea;2005;Guinea;GIN
2005-Guyana;2005;Guyana;GUY
2005-Haiti;2005;Haiti;HTI
2005-Honduras;2005;Honduras;HND
2005-Hong Kong S.A.R. of China;2005;Hong Kong S.A.R. of China;HKG
2005-Hungary;2005;Hungary;HUN
2005-Iceland;2005;Iceland;ISL
2005-India;2005;India;IND
2005-Indonesia;2005;Indonesia;IDN
2005-Iran;2005;Iran;IRN
2005-Iraq;2005;Iraq;IRQ
2005-Ireland;2005;Ireland;IRL
2005-Israel;2005;Israel;ISR
2005-Italy;2005;Italy;ITA
2005-Ivory Coast;2005;Ivory Coast;CIV
2005-Jamaica;2005;Jamaica;JAM
2005-Japan;2005;Japan;JPN
2005-Jordan;2005;Jordan;JOR
2005-Kazakhstan;2005;Kazakhstan;KAZ
2005-Kenya;2005;Kenya;KEN
2005-Kosovo;2005;Kosovo;XKX
2005-Kuwait;2005;Kuwait;KWT
2005-Kyrgyzstan;2005;Kyrgyzstan;KGZ
2005-Laos;2005;Laos;LAO
2005-Latvia;2005;Latvia;LVA
2005-Lebanon;2005;Lebanon;LBN
2005-Lesotho;2005;Lesotho;LSO
2005-Liberia;2005;Liberia;LBR
2005-Libya;2005;Libya;LBY
2005-Lithuania;2005;Lithuania;LTU
2005-Luxembourg;2005;Luxembourg;LUX
2005-Madagascar;2005;Madagascar;MDG
2005-Malawi;2005;Malawi;MWI
2005-Malaysia;2005;Malaysia;MYS
2005-Maldives;2005;Maldives;MDV
2005-Mali;2005;Mali;MLI
2005-Malta;2005;Malta;MLT
2005-Mauritania;2005;Mauritania;MRT
2005-Mauritius;2005;Mauritius;MUS
2005-Mexico;2005;Mexico;MEX
2005-Moldova;2005;Moldova;MDA
2005-Mongolia;2005;Mongolia;MNG
2005-Montenegro;2005;Montenegro;MNE
2005-Morocco;2005;Morocco;MAR
2005-Mozambique;2005;Mozambique;MOZ
2005-Myanmar;2005;Myanmar;MMR
2005-Namibia;2005;Namibia;NAM
2005-Nepal;2005;Nepal;NPL
2005-Netherlands;2005;Netherlands;NLD
2005-New Zealand;2005;New Zealand;NZL
2005-Nicaragua;2005;Nicaragua;NIC
2005-Niger;2005;Niger;NER
2005-Nigeria;2005;Nigeria;NGA
2005-North Cyprus;2005;North Cyprus;NON ISO CYP
2005-North Macedonia;2005;North Macedonia;MKD
2005-Norway;2005;Norway;NOR
2005-Oman;2005;Oman;OMN
2005-Pakistan;2005;Pakistan;PAK
2005-Palestinian Territories;2005;Palestinian Territories;PSE
2005-Panama;2005;Panama;PAN
2005-Paraguay;2005;Paraguay;PRY
2005-Peru;2005;Peru;PER
2005-Philippines;2005;Philippines;PHL
2005-Poland;2005;Poland;POL
2005-Portugal;2005;Portugal;PRT
2005-Qatar;2005;Qatar;QAT
2005-Romania;2005;Romania;ROU
2005-Russia;2005;Russia;RUS
2005-Rwanda;2005;Rwanda;RWA
2005-Saudi Arabia;2005;Saudi Arabia;SAU
2005-Senegal;2005;Senegal;SEN
2005-Serbia;2005;Serbia;SRB
2005-Sierra Leone;2005;Sierra Leone;SLE
2005-Singapore;2005;Singapore;SGP
2005-Slovakia;2005;Slovakia;SVK
2005-Slovenia;2005;Slovenia;SVN
2005-Somalia;2005;Somalia;SOM
2005-Somaliland region;2005;Somaliland region;NON ISO SOM
2005-South Africa;2005;South Africa;ZAF
2005-South Korea;2005;South Korea;KOR
2005-South Sudan;2005;South Sudan;SSD
2005-Spain;2005;Spain;ESP
2005-Sri Lanka;2005;Sri Lanka;LKA
2005-Sudan;2005;Sudan;SDN
2005-Suriname;2005;Suriname;SUR
2005-Swaziland;2005;Swaziland;SWZ
2005-Sweden;2005;Sweden;SWE
2005-Switzerland;2005;Switzerland;CHE
2005-Syria;2005;Syria;SYR
2005-Taiwan Province of China;2005;Taiwan Province of China;TWN
2005-Tajikistan;2005;Tajikistan;TJK
2005-Tanzania;2005;Tanzania;TZA
2005-Thailand;2005;Thailand;THA
2005-Togo;2005;Togo;TGO
2005-Trinidad and Tobago;2005;Trinidad and Tobago;TTO
2005-Tunisia;2005;Tunisia;TUN
2005-Turkey;2005;Turkey;TUR
2005-Turkmenistan;2005;Turkmenistan;TKM
2005-Uganda;2005;Uganda;UGA
2005-Ukraine;2005;Ukraine;UKR
2005-United Arab Emirates;2005;United Arab Emirates;ARE
2005-United Kingdom;2005;United Kingdom;GBR
2005-United States;2005;United States;USA
2005-Uruguay;2005;Uruguay;URY
2005-Uzbekistan;2005;Uzbekistan;UZB
2005-Venezuela;2005;Venezuela;VEN
2005-Vietnam;2005;Vietnam;VNM
2005-Yemen;2005;Yemen;YEM
2005-Zambia;2005;Zambia;ZMB
2005-Zimbabwe;2005;Zimbabwe;ZWE
2006-Afghanistan;2006;Afghanistan;AFG
2006-Albania;2006;Albania;ALB
2006-Algeria;2006;Algeria;DZA
2006-Angola;2006;Angola;AGO
2006-Argentina;2006;Argentina;ARG
2006-Armenia;2006;Armenia;ARM
2006-Australia;2006;Australia;AUS
2006-Austria;2006;Austria;AUT
2006-Azerbaijan;2006;Azerbaijan;AZE
2006-Bahrain;2006;Bahrain;BHR
2006-Bangladesh;2006;Bangladesh;BGD
2006-Belarus;2006;Belarus;BLR
2006-Belgium;2006;Belgium;BEL
2006-Belize;2006;Belize;BLZ
2006-Benin;2006;Benin;BEN
2006-Bhutan;2006;Bhutan;BTN
2006-Bolivia;2006;Bolivia;BOL
2006-Bosnia and Herzegovina;2006;Bosnia and Herzegovina;BIH
2006-Botswana;2006;Botswana;BWA
2006-Brazil;2006;Brazil;BRA
2006-Bulgaria;2006;Bulgaria;BGR
2006-Burkina Faso;2006;Burkina Faso;BFA
2006-Burundi;2006;Burundi;BDI
2006-Cambodia;2006;Cambodia;KHM
2006-Cameroon;2006;Cameroon;CMR
2006-Canada;2006;Canada;CAN
2006-Central African Republic;2006;Central African Republic;CAF
2006-Chad;2006;Chad;TCD
2006-Chile;2006;Chile;CHL
2006-China;2006;China;CHN
2006-Colombia;2006;Colombia;COL
2006-Comoros;2006;Comoros;COM
2006-Congo (Brazzaville);2006;Congo (Brazzaville);COG
2006-Congo (Kinshasa);2006;Congo (Kinshasa);COD
2006-Costa Rica;2006;Costa Rica;CRI
2006-Croatia;2006;Croatia;HRV
2006-Cuba;2006;Cuba;CUB
2006-Cyprus;2006;Cyprus;CYP
2006-Czech Republic;2006;Czech Republic;CZE
2006-Denmark;2006;Denmark;DNK
2006-Djibouti;2006;Djibouti;DJI
2006-Dominican Republic;2006;Dominican Republic;DOM
2006-Ecuador;2006;Ecuador;ECU
2006-Egypt;2006;Egypt;EGY
2006-El Salvador;2006;El Salvador;SLV
2006-Estonia;2006;Estonia;EST
2006-Ethiopia;2006;Ethiopia;ETH
2006-Finland;2006;Finland;FIN
2006-France;2006;France;FRA
2006-Gabon;2006;Gabon;GAB
2006-Gambia;2006;Gambia;GMB
2006-Georgia;2006;Georgia;GEO
2006-Germany;2006;Germany;DEU
2006-Ghana;2006;Ghana;GHA
2006-Greece;2006;Greece;GRC
2006-Guatemala;2006;Guatemala;GTM
2006-Guinea;2006;Guinea;GIN
2006-Guyana;2006;Guyana;GUY
2006-Haiti;2006;Haiti;HTI
2006-Honduras;2006;Honduras;HND
2006-Hong Kong S.A.R. of China;2006;Hong Kong S.A.R. of China;HKG
2006-Hungary;2006;Hungary;HUN
2006-Iceland;2006;Iceland;ISL
2006-India;2006;India;IND
2006-Indonesia;2006;Indonesia;IDN
2006-Iran;2006;Iran;IRN
2006-Iraq;2006;Iraq;IRQ
2006-Ireland;2006;Ireland;IRL
2006-Israel;2006;Israel;ISR
2006-Italy;2006;Italy;ITA
2006-Ivory Coast;2006;Ivory Coast;CIV
2006-Jamaica;2006;Jamaica;JAM
2006-Japan;2006;Japan;JPN
2006-Jordan;2006;Jordan;JOR
2006-Kazakhstan;2006;Kazakhstan;KAZ
2006-Kenya;2006;Kenya;KEN
2006-Kosovo;2006;Kosovo;XKX
2006-Kuwait;2006;Kuwait;KWT
2006-Kyrgyzstan;2006;Kyrgyzstan;KGZ
2006-Laos;2006;Laos;LAO
2006-Latvia;2006;Latvia;LVA
2006-Lebanon;2006;Lebanon;LBN
2006-Lesotho;2006;Lesotho;LSO
2006-Liberia;2006;Liberia;LBR
2006-Libya;2006;Libya;LBY
2006-Lithuania;2006;Lithuania;LTU
2006-Luxembourg;2006;Luxembourg;LUX
2006-Madagascar;2006;Madagascar;MDG
2006-Malawi;2006;Malawi;MWI
2006-Malaysia;2006;Malaysia;MYS
2006-Maldives;2006;Maldives;MDV
2006-Mali;2006;Mali;MLI
2006-Malta;2006;Malta;MLT
2006-Mauritania;2006;Mauritania;MRT
2006-Mauritius;2006;Mauritius;MUS
2006-Mexico;2006;Mexico;MEX
2006-Moldova;2006;Moldova;MDA
2006-Mongolia;2006;Mongolia;MNG
2006-Montenegro;2006;Montenegro;MNE
2006-Morocco;2006;Morocco;MAR
2006-Mozambique;2006;Mozambique;MOZ
2006-Myanmar;2006;Myanmar;MMR
2006-Namibia;2006;Namibia;NAM
2006-Nepal;2006;Nepal;NPL
2006-Netherlands;2006;Netherlands;NLD
2006-New Zealand;2006;New Zealand;NZL
2006-Nicaragua;2006;Nicaragua;NIC
2006-Niger;2006;Niger;NER
2006-Nigeria;2006;Nigeria;NGA
2006-North Cyprus;2006;North Cyprus;NON ISO CYP
2006-North Macedonia;2006;North Macedonia;MKD
2006-Norway;2006;Norway;NOR
2006-Oman;2006;Oman;OMN
2006-Pakistan;2006;Pakistan;PAK
2006-Palestinian Territories;2006;Palestinian Territories;PSE
2006-Panama;2006;Panama;PAN
2006-Paraguay;2006;Paraguay;PRY
2006-Peru;2006;Peru;PER
2006-Philippines;2006;Philippines;PHL
2006-Poland;2006;Poland;POL
2006-Portugal;2006;Portugal;PRT
2006-Qatar;2006;Qatar;QAT
2006-Romania;2006;Romania;ROU
2006-Russia;2006;Russia;RUS
2006-Rwanda;2006;Rwanda;RWA
2006-Saudi Arabia;2006;Saudi Arabia;SAU
2006-Senegal;2006;Senegal;SEN
2006-Serbia;2006;Serbia;SRB
2006-Sierra Leone;2006;Sierra Leone;SLE
2006-Singapore;2006;Singapore;SGP
2006-Slovakia;2006;Slovakia;SVK
2006-Slovenia;2006;Slovenia;SVN
2006-Somalia;2006;Somalia;SOM
2006-Somaliland region;2006;Somaliland region;NON ISO SOM
2006-South Africa;2006;South Africa;ZAF
2006-South Korea;2006;South Korea;KOR
2006-South Sudan;2006;South Sudan;SSD
2006-Spain;2006;Spain;ESP
2006-Sri Lanka;2006;Sri Lanka;LKA
2006-Sudan;2006;Sudan;SDN
2006-Suriname;2006;Suriname;SUR
2006-Swaziland;2006;Swaziland;SWZ
2006-Sweden;2006;Sweden;SWE
2006-Switzerland;2006;Switzerland;CHE
2006-Syria;2006;Syria;SYR
2006-Taiwan Province of China;2006;Taiwan Province of China;TWN
2006-Tajikistan;2006;Tajikistan;TJK
2006-Tanzania;2006;Tanzania;TZA
2006-Thailand;2006;Thailand;THA
2006-Togo;2006;Togo;TGO
2006-Trinidad and Tobago;2006;Trinidad and Tobago;TTO
2006-Tunisia;2006;Tunisia;TUN
2006-Turkey;2006;Turkey;TUR
2006-Turkmenistan;2006;Turkmenistan;TKM
2006-Uganda;2006;Uganda;UGA
2006-Ukraine;2006;Ukraine;UKR
2006-United Arab Emirates;2006;United Arab Emirates;ARE
2006-United Kingdom;2006;United Kingdom;GBR
2006-United States;2006;United States;USA
2006-Uruguay;2006;Uruguay;URY
2006-Uzbekistan;2006;Uzbekistan;UZB
2006-Venezuela;2006;Venezuela;VEN
2006-Vietnam;2006;Vietnam;VNM
2006-Yemen;2006;Yemen;YEM
2006-Zambia;2006;Zambia;ZMB
2006-Zimbabwe;2006;Zimbabwe;ZWE
2007-Afghanistan;2007;Afghanistan;AFG
2007-Albania;2007;Albania;ALB
2007-Algeria;2007;Algeria;DZA
2007-Angola;2007;Angola;AGO
2007-Argentina;2007;Argentina;ARG
2007-Armenia;2007;Armenia;ARM
2007-Australia;2007;Australia;AUS
2007-Austria;2007;Austria;AUT
2007-Azerbaijan;2007;Azerbaijan;AZE
2007-Bahrain;2007;Bahrain;BHR
2007-Bangladesh;2007;Bangladesh;BGD
2007-Belarus;2007;Belarus;BLR
2007-Belgium;2007;Belgium;BEL
2007-Belize;2007;Belize;BLZ
2007-Benin;2007;Benin;BEN
2007-Bhutan;2007;Bhutan;BTN
2007-Bolivia;2007;Bolivia;BOL
2007-Bosnia and Herzegovina;2007;Bosnia and Herzegovina;BIH
2007-Botswana;2007;Botswana;BWA
2007-Brazil;2007;Brazil;BRA
2007-Bulgaria;2007;Bulgaria;BGR
2007-Burkina Faso;2007;Burkina Faso;BFA
2007-Burundi;2007;Burundi;BDI
2007-Cambodia;2007;Cambodia;KHM
2007-Cameroon;2007;Cameroon;CMR
2007-Canada;2007;Canada;CAN
2007-Central African Republic;2007;Central African Republic;CAF
2007-Chad;2007;Chad;TCD
2007-Chile;2007;Chile;CHL
2007-China;2007;China;CHN
2007-Colombia;2007;Colombia;COL
2007-Comoros;2007;Comoros;COM
2007-Congo (Brazzaville);2007;Congo (Brazzaville);COG
2007-Congo (Kinshasa);2007;Congo (Kinshasa);COD
2007-Costa Rica;2007;Costa Rica;CRI
2007-Croatia;2007;Croatia;HRV
2007-Cuba;2007;Cuba;CUB
2007-Cyprus;2007;Cyprus;CYP
2007-Czech Republic;2007;Czech Republic;CZE
2007-Denmark;2007;Denmark;DNK
2007-Djibouti;2007;Djibouti;DJI
2007-Dominican Republic;2007;Dominican Republic;DOM
2007-Ecuador;2007;Ecuador;ECU
2007-Egypt;2007;Egypt;EGY
2007-El Salvador;2007;El Salvador;SLV
2007-Estonia;2007;Estonia;EST
2007-Ethiopia;2007;Ethiopia;ETH
2007-Finland;2007;Finland;FIN
2007-France;2007;France;FRA
2007-Gabon;2007;Gabon;GAB
2007-Gambia;2007;Gambia;GMB
2007-Georgia;2007;Georgia;GEO
2007-Germany;2007;Germany;DEU
2007-Ghana;2007;Ghana;GHA
2007-Greece;2007;Greece;GRC
2007-Guatemala;2007;Guatemala;GTM
2007-Guinea;2007;Guinea;GIN
2007-Guyana;2007;Guyana;GUY
2007-Haiti;2007;Haiti;HTI
2007-Honduras;2007;Honduras;HND
2007-Hong Kong S.A.R. of China;2007;Hong Kong S.A.R. of China;HKG
2007-Hungary;2007;Hungary;HUN
2007-Iceland;2007;Iceland;ISL
2007-India;2007;India;IND
2007-Indonesia;2007;Indonesia;IDN
2007-Iran;2007;Iran;IRN
2007-Iraq;2007;Iraq;IRQ
2007-Ireland;2007;Ireland;IRL
2007-Israel;2007;Israel;ISR
2007-Italy;2007;Italy;ITA
2007-Ivory Coast;2007;Ivory Coast;CIV
2007-Jamaica;2007;Jamaica;JAM
2007-Japan;2007;Japan;JPN
2007-Jordan;2007;Jordan;JOR
2007-Kazakhstan;2007;Kazakhstan;KAZ
2007-Kenya;2007;Kenya;KEN
2007-Kosovo;2007;Kosovo;XKX
2007-Kuwait;2007;Kuwait;KWT
2007-Kyrgyzstan;2007;Kyrgyzstan;KGZ
2007-Laos;2007;Laos;LAO
2007-Latvia;2007;Latvia;LVA
2007-Lebanon;2007;Lebanon;LBN
2007-Lesotho;2007;Lesotho;LSO
2007-Liberia;2007;Liberia;LBR
2007-Libya;2007;Libya;LBY
2007-Lithuania;2007;Lithuania;LTU
2007-Luxembourg;2007;Luxembourg;LUX
2007-Madagascar;2007;Madagascar;MDG
2007-Malawi;2007;Malawi;MWI
2007-Malaysia;2007;Malaysia;MYS
2007-Maldives;2007;Maldives;MDV
2007-Mali;2007;Mali;MLI
2007-Malta;2007;Malta;MLT
2007-Mauritania;2007;Mauritania;MRT
2007-Mauritius;2007;Mauritius;MUS
2007-Mexico;2007;Mexico;MEX
2007-Moldova;2007;Moldova;MDA
2007-Mongolia;2007;Mongolia;MNG
2007-Montenegro;2007;Montenegro;MNE
2007-Morocco;2007;Morocco;MAR
2007-Mozambique;2007;Mozambique;MOZ
2007-Myanmar;2007;Myanmar;MMR
2007-Namibia;2007;Namibia;NAM
2007-Nepal;2007;Nepal;NPL
2007-Netherlands;2007;Netherlands;NLD
2007-New Zealand;2007;New Zealand;NZL
2007-Nicaragua;2007;Nicaragua;NIC
2007-Niger;2007;Niger;NER
2007-Nigeria;2007;Nigeria;NGA
2007-North Cyprus;2007;North Cyprus;NON ISO CYP
2007-North Macedonia;2007;North Macedonia;MKD
2007-Norway;2007;Norway;NOR
2007-Oman;2007;Oman;OMN
2007-Pakistan;2007;Pakistan;PAK
2007-Palestinian Territories;2007;Palestinian Territories;PSE
2007-Panama;2007;Panama;PAN
2007-Paraguay;2007;Paraguay;PRY
2007-Peru;2007;Peru;PER
2007-Philippines;2007;Philippines;PHL
2007-Poland;2007;Poland;POL
2007-Portugal;2007;Portugal;PRT
2007-Qatar;2007;Qatar;QAT
2007-Romania;2007;Romania;ROU
2007-Russia;2007;Russia;RUS
2007-Rwanda;2007;Rwanda;RWA
2007-Saudi Arabia;2007;Saudi Arabia;SAU
2007-Senegal;2007;Senegal;SEN
2007-Serbia;2007;Serbia;SRB
2007-Sierra Leone;2007;Sierra Leone;SLE
2007-Singapore;2007;Singapore;SGP
2007-Slovakia;2007;Slovakia;SVK
2007-Slovenia;2007;Slovenia;SVN
2007-Somalia;2007;Somalia;SOM
2007-Somaliland region;2007;Somaliland region;NON ISO SOM
2007-South Africa;2007;South Africa;ZAF
2007-South Korea;2007;South Korea;KOR
2007-South Sudan;2007;South Sudan;SSD
2007-Spain;2007;Spain;ESP
2007-Sri Lanka;2007;Sri Lanka;LKA
2007-Sudan;2007;Sudan;SDN
2007-Suriname;2007;Suriname;SUR
2007-Swaziland;2007;Swaziland;SWZ
2007-Sweden;2007;Sweden;SWE
2007-Switzerland;2007;Switzerland;CHE
2007-Syria;2007;Syria;SYR
2007-Taiwan Province of China;2007;Taiwan Province of China;TWN
2007-Tajikistan;2007;Tajikistan;TJK
2007-Tanzania;2007;Tanzania;TZA
2007-Thailand;2007;Thailand;THA
2007-Togo;2007;Togo;TGO
2007-Trinidad and Tobago;2007;Trinidad and Tobago;TTO
2007-Tunisia;2007;Tunisia;TUN
2007-Turkey;2007;Turkey;TUR
2007-Turkmenistan;2007;Turkmenistan;TKM
2007-Uganda;2007;Uganda;UGA
2007-Ukraine;2007;Ukraine;UKR
2007-United Arab Emirates;2007;United Arab Emirates;ARE
2007-United Kingdom;2007;United Kingdom;GBR
2007-United States;2007;United States;USA
2007-Uruguay;2007;Uruguay;URY
2007-Uzbekistan;2007;Uzbekistan;UZB
2007-Venezuela;2007;Venezuela;VEN
2007-Vietnam;2007;Vietnam;VNM
2007-Yemen;2007;Yemen;YEM
2007-Zambia;2007;Zambia;ZMB
2007-Zimbabwe;2007;Zimbabwe;ZWE
2008-Afghanistan;2008;Afghanistan;AFG
2008-Albania;2008;Albania;ALB
2008-Algeria;2008;Algeria;DZA
2008-Angola;2008;Angola;AGO
2008-Argentina;2008;Argentina;ARG
2008-Armenia;2008;Armenia;ARM
2008-Australia;2008;Australia;AUS
2008-Austria;2008;Austria;AUT
2008-Azerbaijan;2008;Azerbaijan;AZE
2008-Bahrain;2008;Bahrain;BHR
2008-Bangladesh;2008;Bangladesh;BGD
2008-Belarus;2008;Belarus;BLR
2008-Belgium;2008;Belgium;BEL
2008-Belize;2008;Belize;BLZ
2008-Benin;2008;Benin;BEN
2008-Bhutan;2008;Bhutan;BTN
2008-Bolivia;2008;Bolivia;BOL
2008-Bosnia and Herzegovina;2008;Bosnia and Herzegovina;BIH
2008-Botswana;2008;Botswana;BWA
2008-Brazil;2008;Brazil;BRA
2008-Bulgaria;2008;Bulgaria;BGR
2008-Burkina Faso;2008;Burkina Faso;BFA
2008-Burundi;2008;Burundi;BDI
2008-Cambodia;2008;Cambodia;KHM
2008-Cameroon;2008;Cameroon;CMR
2008-Canada;2008;Canada;CAN
2008-Central African Republic;2008;Central African Republic;CAF
2008-Chad;2008;Chad;TCD
2008-Chile;2008;Chile;CHL
2008-China;2008;China;CHN
2008-Colombia;2008;Colombia;COL
2008-Comoros;2008;Comoros;COM
2008-Congo (Brazzaville);2008;Congo (Brazzaville);COG
2008-Congo (Kinshasa);2008;Congo (Kinshasa);COD
2008-Costa Rica;2008;Costa Rica;CRI
2008-Croatia;2008;Croatia;HRV
2008-Cuba;2008;Cuba;CUB
2008-Cyprus;2008;Cyprus;CYP
2008-Czech Republic;2008;Czech Republic;CZE
2008-Denmark;2008;Denmark;DNK
2008-Djibouti;2008;Djibouti;DJI
2008-Dominican Republic;2008;Dominican Republic;DOM
2008-Ecuador;2008;Ecuador;ECU
2008-Egypt;2008;Egypt;EGY
2008-El Salvador;2008;El Salvador;SLV
2008-Estonia;2008;Estonia;EST
2008-Ethiopia;2008;Ethiopia;ETH
2008-Finland;2008;Finland;FIN
2008-France;2008;France;FRA
2008-Gabon;2008;Gabon;GAB
2008-Gambia;2008;Gambia;GMB
2008-Georgia;2008;Georgia;GEO
2008-Germany;2008;Germany;DEU
2008-Ghana;2008;Ghana;GHA
2008-Greece;2008;Greece;GRC
2008-Guatemala;2008;Guatemala;GTM
2008-Guinea;2008;Guinea;GIN
2008-Guyana;2008;Guyana;GUY
2008-Haiti;2008;Haiti;HTI
2008-Honduras;2008;Honduras;HND
2008-Hong Kong S.A.R. of China;2008;Hong Kong S.A.R. of China;HKG
2008-Hungary;2008;Hungary;HUN
2008-Iceland;2008;Iceland;ISL
2008-India;2008;India;IND
2008-Indonesia;2008;Indonesia;IDN
2008-Iran;2008;Iran;IRN
2008-Iraq;2008;Iraq;IRQ
2008-Ireland;2008;Ireland;IRL
2008-Israel;2008;Israel;ISR
2008-Italy;2008;Italy;ITA
2008-Ivory Coast;2008;Ivory Coast;CIV
2008-Jamaica;2008;Jamaica;JAM
2008-Japan;2008;Japan;JPN
2008-Jordan;2008;Jordan;JOR
2008-Kazakhstan;2008;Kazakhstan;KAZ
2008-Kenya;2008;Kenya;KEN
2008-Kosovo;2008;Kosovo;XKX
2008-Kuwait;2008;Kuwait;KWT
2008-Kyrgyzstan;2008;Kyrgyzstan;KGZ
2008-Laos;2008;Laos;LAO
2008-Latvia;2008;Latvia;LVA
2008-Lebanon;2008;Lebanon;LBN
2008-Lesotho;2008;Lesotho;LSO
2008-Liberia;2008;Liberia;LBR
2008-Libya;2008;Libya;LBY
2008-Lithuania;2008;Lithuania;LTU
2008-Luxembourg;2008;Luxembourg;LUX
2008-Madagascar;2008;Madagascar;MDG
2008-Malawi;2008;Malawi;MWI
2008-Malaysia;2008;Malaysia;MYS
2008-Maldives;2008;Maldives;MDV
2008-Mali;2008;Mali;MLI
2008-Malta;2008;Malta;MLT
2008-Mauritania;2008;Mauritania;MRT
2008-Mauritius;2008;Mauritius;MUS
2008-Mexico;2008;Mexico;MEX
2008-Moldova;2008;Moldova;MDA
2008-Mongolia;2008;Mongolia;MNG
2008-Montenegro;2008;Montenegro;MNE
2008-Morocco;2008;Morocco;MAR
2008-Mozambique;2008;Mozambique;MOZ
2008-Myanmar;2008;Myanmar;MMR
2008-Namibia;2008;Namibia;NAM
2008-Nepal;2008;Nepal;NPL
2008-Netherlands;2008;Netherlands;NLD
2008-New Zealand;2008;New Zealand;NZL
2008-Nicaragua;2008;Nicaragua;NIC
2008-Niger;2008;Niger;NER
2008-Nigeria;2008;Nigeria;NGA
2008-North Cyprus;2008;North Cyprus;NON ISO CYP
2008-North Macedonia;2008;North Macedonia;MKD
2008-Norway;2008;Norway;NOR
2008-Oman;2008;Oman;OMN
2008-Pakistan;2008;Pakistan;PAK
2008-Palestinian Territories;2008;Palestinian Territories;PSE
2008-Panama;2008;Panama;PAN
2008-Paraguay;2008;Paraguay;PRY
2008-Peru;2008;Peru;PER
2008-Philippines;2008;Philippines;PHL
2008-Poland;2008;Poland;POL
2008-Portugal;2008;Portugal;PRT
2008-Qatar;2008;Qatar;QAT
2008-Romania;2008;Romania;ROU
2008-Russia;2008;Russia;RUS
2008-Rwanda;2008;Rwanda;RWA
2008-Saudi Arabia;2008;Saudi Arabia;SAU
2008-Senegal;2008;Senegal;SEN
2008-Serbia;2008;Serbia;SRB
2008-Sierra Leone;2008;Sierra Leone;SLE
2008-Singapore;2008;Singapore;SGP
2008-Slovakia;2008;Slovakia;SVK
2008-Slovenia;2008;Slovenia;SVN
2008-Somalia;2008;Somalia;SOM
2008-Somaliland region;2008;Somaliland region;NON ISO SOM
2008-South Africa;2008;South Africa;ZAF
2008-South Korea;2008;South Korea;KOR
2008-South Sudan;2008;South Sudan;SSD
2008-Spain;2008;Spain;ESP
2008-Sri Lanka;2008;Sri Lanka;LKA
2008-Sudan;2008;Sudan;SDN
2008-Suriname;2008;Suriname;SUR
2008-Swaziland;2008;Swaziland;SWZ
2008-Sweden;2008;Sweden;SWE
2008-Switzerland;2008;Switzerland;CHE
2008-Syria;2008;Syria;SYR
2008-Taiwan Province of China;2008;Taiwan Province of China;TWN
2008-Tajikistan;2008;Tajikistan;TJK
2008-Tanzania;2008;Tanzania;TZA
2008-Thailand;2008;Thailand;THA
2008-Togo;2008;Togo;TGO
2008-Trinidad and Tobago;2008;Trinidad and Tobago;TTO
2008-Tunisia;2008;Tunisia;TUN
2008-Turkey;2008;Turkey;TUR
2008-Turkmenistan;2008;Turkmenistan;TKM
2008-Uganda;2008;Uganda;UGA
2008-Ukraine;2008;Ukraine;UKR
2008-United Arab Emirates;2008;United Arab Emirates;ARE
2008-United Kingdom;2008;United Kingdom;GBR
2008-United States;2008;United States;USA
2008-Uruguay;2008;Uruguay;URY
2008-Uzbekistan;2008;Uzbekistan;UZB
2008-Venezuela;2008;Venezuela;VEN
2008-Vietnam;2008;Vietnam;VNM
2008-Yemen;2008;Yemen;YEM
2008-Zambia;2008;Zambia;ZMB
2008-Zimbabwe;2008;Zimbabwe;ZWE
2009-Afghanistan;2009;Afghanistan;AFG
2009-Albania;2009;Albania;ALB
2009-Algeria;2009;Algeria;DZA
2009-Angola;2009;Angola;AGO
2009-Argentina;2009;Argentina;ARG
2009-Armenia;2009;Armenia;ARM
2009-Australia;2009;Australia;AUS
2009-Austria;2009;Austria;AUT
2009-Azerbaijan;2009;Azerbaijan;AZE
2009-Bahrain;2009;Bahrain;BHR
2009-Bangladesh;2009;Bangladesh;BGD
2009-Belarus;2009;Belarus;BLR
2009-Belgium;2009;Belgium;BEL
2009-Belize;2009;Belize;BLZ
2009-Benin;2009;Benin;BEN
2009-Bhutan;2009;Bhutan;BTN
2009-Bolivia;2009;Bolivia;BOL
2009-Bosnia and Herzegovina;2009;Bosnia and Herzegovina;BIH
2009-Botswana;2009;Botswana;BWA
2009-Brazil;2009;Brazil;BRA
2009-Bulgaria;2009;Bulgaria;BGR
2009-Burkina Faso;2009;Burkina Faso;BFA
2009-Burundi;2009;Burundi;BDI
2009-Cambodia;2009;Cambodia;KHM
2009-Cameroon;2009;Cameroon;CMR
2009-Canada;2009;Canada;CAN
2009-Central African Republic;2009;Central African Republic;CAF
2009-Chad;2009;Chad;TCD
2009-Chile;2009;Chile;CHL
2009-China;2009;China;CHN
2009-Colombia;2009;Colombia;COL
2009-Comoros;2009;Comoros;COM
2009-Congo (Brazzaville);2009;Congo (Brazzaville);COG
2009-Congo (Kinshasa);2009;Congo (Kinshasa);COD
2009-Costa Rica;2009;Costa Rica;CRI
2009-Croatia;2009;Croatia;HRV
2009-Cuba;2009;Cuba;CUB
2009-Cyprus;2009;Cyprus;CYP
2009-Czech Republic;2009;Czech Republic;CZE
2009-Denmark;2009;Denmark;DNK
2009-Djibouti;2009;Djibouti;DJI
2009-Dominican Republic;2009;Dominican Republic;DOM
2009-Ecuador;2009;Ecuador;ECU
2009-Egypt;2009;Egypt;EGY
2009-El Salvador;2009;El Salvador;SLV
2009-Estonia;2009;Estonia;EST
2009-Ethiopia;2009;Ethiopia;ETH
2009-Finland;2009;Finland;FIN
2009-France;2009;France;FRA
2009-Gabon;2009;Gabon;GAB
2009-Gambia;2009;Gambia;GMB
2009-Georgia;2009;Georgia;GEO
2009-Germany;2009;Germany;DEU
2009-Ghana;2009;Ghana;GHA
2009-Greece;2009;Greece;GRC
2009-Guatemala;2009;Guatemala;GTM
2009-Guinea;2009;Guinea;GIN
2009-Guyana;2009;Guyana;GUY
2009-Haiti;2009;Haiti;HTI
2009-Honduras;2009;Honduras;HND
2009-Hong Kong S.A.R. of China;2009;Hong Kong S.A.R. of China;HKG
2009-Hungary;2009;Hungary;HUN
2009-Iceland;2009;Iceland;ISL
2009-India;2009;India;IND
2009-Indonesia;2009;Indonesia;IDN
2009-Iran;2009;Iran;IRN
2009-Iraq;2009;Iraq;IRQ
2009-Ireland;2009;Ireland;IRL
2009-Israel;2009;Israel;ISR
2009-Italy;2009;Italy;ITA
2009-Ivory Coast;2009;Ivory Coast;CIV
2009-Jamaica;2009;Jamaica;JAM
2009-Japan;2009;Japan;JPN
2009-Jordan;2009;Jordan;JOR
2009-Kazakhstan;2009;Kazakhstan;KAZ
2009-Kenya;2009;Kenya;KEN
2009-Kosovo;2009;Kosovo;XKX
2009-Kuwait;2009;Kuwait;KWT
2009-Kyrgyzstan;2009;Kyrgyzstan;KGZ
2009-Laos;2009;Laos;LAO
2009-Latvia;2009;Latvia;LVA
2009-Lebanon;2009;Lebanon;LBN
2009-Lesotho;2009;Lesotho;LSO
2009-Liberia;2009;Liberia;LBR
2009-Libya;2009;Libya;LBY
2009-Lithuania;2009;Lithuania;LTU
2009-Luxembourg;2009;Luxembourg;LUX
2009-Madagascar;2009;Madagascar;MDG
2009-Malawi;2009;Malawi;MWI
2009-Malaysia;2009;Malaysia;MYS
2009-Maldives;2009;Maldives;MDV
2009-Mali;2009;Mali;MLI
2009-Malta;2009;Malta;MLT
2009-Mauritania;2009;Mauritania;MRT
2009-Mauritius;2009;Mauritius;MUS
2009-Mexico;2009;Mexico;MEX
2009-Moldova;2009;Moldova;MDA
2009-Mongolia;2009;Mongolia;MNG
2009-Montenegro;2009;Montenegro;MNE
2009-Morocco;2009;Morocco;MAR
2009-Mozambique;2009;Mozambique;MOZ
2009-Myanmar;2009;Myanmar;MMR
2009-Namibia;2009;Namibia;NAM
2009-Nepal;2009;Nepal;NPL
2009-Netherlands;2009;Netherlands;NLD
2009-New Zealand;2009;New Zealand;NZL
2009-Nicaragua;2009;Nicaragua;NIC
2009-Niger;2009;Niger;NER
2009-Nigeria;2009;Nigeria;NGA
2009-North Cyprus;2009;North Cyprus;NON ISO CYP
2009-North Macedonia;2009;North Macedonia;MKD
2009-Norway;2009;Norway;NOR
2009-Oman;2009;Oman;OMN
2009-Pakistan;2009;Pakistan;PAK
2009-Palestinian Territories;2009;Palestinian Territories;PSE
2009-Panama;2009;Panama;PAN
2009-Paraguay;2009;Paraguay;PRY
2009-Peru;2009;Peru;PER
2009-Philippines;2009;Philippines;PHL
2009-Poland;2009;Poland;POL
2009-Portugal;2009;Portugal;PRT
2009-Qatar;2009;Qatar;QAT
2009-Romania;2009;Romania;ROU
2009-Russia;2009;Russia;RUS
2009-Rwanda;2009;Rwanda;RWA
2009-Saudi Arabia;2009;Saudi Arabia;SAU
2009-Senegal;2009;Senegal;SEN
2009-Serbia;2009;Serbia;SRB
2009-Sierra Leone;2009;Sierra Leone;SLE
2009-Singapore;2009;Singapore;SGP
2009-Slovakia;2009;Slovakia;SVK
2009-Slovenia;2009;Slovenia;SVN
2009-Somalia;2009;Somalia;SOM
2009-Somaliland region;2009;Somaliland region;NON ISO SOM
2009-South Africa;2009;South Africa;ZAF
2009-South Korea;2009;South Korea;KOR
2009-South Sudan;2009;South Sudan;SSD
2009-Spain;2009;Spain;ESP
2009-Sri Lanka;2009;Sri Lanka;LKA
2009-Sudan;2009;Sudan;SDN
2009-Suriname;2009;Suriname;SUR
2009-Swaziland;2009;Swaziland;SWZ
2009-Sweden;2009;Sweden;SWE
2009-Switzerland;2009;Switzerland;CHE
2009-Syria;2009;Syria;SYR
2009-Taiwan Province of China;2009;Taiwan Province of China;TWN
2009-Tajikistan;2009;Tajikistan;TJK
2009-Tanzania;2009;Tanzania;TZA
2009-Thailand;2009;Thailand;THA
2009-Togo;2009;Togo;TGO
2009-Trinidad and Tobago;2009;Trinidad and Tobago;TTO
2009-Tunisia;2009;Tunisia;TUN
2009-Turkey;2009;Turkey;TUR
2009-Turkmenistan;2009;Turkmenistan;TKM
2009-Uganda;2009;Uganda;UGA
2009-Ukraine;2009;Ukraine;UKR
2009-United Arab Emirates;2009;United Arab Emirates;ARE
2009-United Kingdom;2009;United Kingdom;GBR
2009-United States;2009;United States;USA
2009-Uruguay;2009;Uruguay;URY
2009-Uzbekistan;2009;Uzbekistan;UZB
2009-Venezuela;2009;Venezuela;VEN
2009-Vietnam;2009;Vietnam;VNM
2009-Yemen;2009;Yemen;YEM
2009-Zambia;2009;Zambia;ZMB
2009-Zimbabwe;2009;Zimbabwe;ZWE
2010-Afghanistan;2010;Afghanistan;AFG
2010-Albania;2010;Albania;ALB
2010-Algeria;2010;Algeria;DZA
2010-Angola;2010;Angola;AGO
2010-Argentina;2010;Argentina;ARG
2010-Armenia;2010;Armenia;ARM
2010-Australia;2010;Australia;AUS
2010-Austria;2010;Austria;AUT
2010-Azerbaijan;2010;Azerbaijan;AZE
2010-Bahrain;2010;Bahrain;BHR
2010-Bangladesh;2010;Bangladesh;BGD
2010-Belarus;2010;Belarus;BLR
2010-Belgium;2010;Belgium;BEL
2010-Belize;2010;Belize;BLZ
2010-Benin;2010;Benin;BEN
2010-Bhutan;2010;Bhutan;BTN
2010-Bolivia;2010;Bolivia;BOL
2010-Bosnia and Herzegovina;2010;Bosnia and Herzegovina;BIH
2010-Botswana;2010;Botswana;BWA
2010-Brazil;2010;Brazil;BRA
2010-Bulgaria;2010;Bulgaria;BGR
2010-Burkina Faso;2010;Burkina Faso;BFA
2010-Burundi;2010;Burundi;BDI
2010-Cambodia;2010;Cambodia;KHM
2010-Cameroon;2010;Cameroon;CMR
2010-Canada;2010;Canada;CAN
2010-Central African Republic;2010;Central African Republic;CAF
2010-Chad;2010;Chad;TCD
2010-Chile;2010;Chile;CHL
2010-China;2010;China;CHN
2010-Colombia;2010;Colombia;COL
2010-Comoros;2010;Comoros;COM
2010-Congo (Brazzaville);2010;Congo (Brazzaville);COG
2010-Congo (Kinshasa);2010;Congo (Kinshasa);COD
2010-Costa Rica;2010;Costa Rica;CRI
2010-Croatia;2010;Croatia;HRV
2010-Cuba;2010;Cuba;CUB
2010-Cyprus;2010;Cyprus;CYP
2010-Czech Republic;2010;Czech Republic;CZE
2010-Denmark;2010;Denmark;DNK
2010-Djibouti;2010;Djibouti;DJI
2010-Dominican Republic;2010;Dominican Republic;DOM
2010-Ecuador;2010;Ecuador;ECU
2010-Egypt;2010;Egypt;EGY
2010-El Salvador;2010;El Salvador;SLV
2010-Estonia;2010;Estonia;EST
2010-Ethiopia;2010;Ethiopia;ETH
2010-Finland;2010;Finland;FIN
2010-France;2010;France;FRA
2010-Gabon;2010;Gabon;GAB
2010-Gambia;2010;Gambia;GMB
2010-Georgia;2010;Georgia;GEO
2010-Germany;2010;Germany;DEU
2010-Ghana;2010;Ghana;GHA
2010-Greece;2010;Greece;GRC
2010-Guatemala;2010;Guatemala;GTM
2010-Guinea;2010;Guinea;GIN
2010-Guyana;2010;Guyana;GUY
2010-Haiti;2010;Haiti;HTI
2010-Honduras;2010;Honduras;HND
2010-Hong Kong S.A.R. of China;2010;Hong Kong S.A.R. of China;HKG
2010-Hungary;2010;Hungary;HUN
2010-Iceland;2010;Iceland;ISL
2010-India;2010;India;IND
2010-Indonesia;2010;Indonesia;IDN
2010-Iran;2010;Iran;IRN
2010-Iraq;2010;Iraq;IRQ
2010-Ireland;2010;Ireland;IRL
2010-Israel;2010;Israel;ISR
2010-Italy;2010;Italy;ITA
2010-Ivory Coast;2010;Ivory Coast;CIV
2010-Jamaica;2010;Jamaica;JAM
2010-Japan;2010;Japan;JPN
2010-Jordan;2010;Jordan;JOR
2010-Kazakhstan;2010;Kazakhstan;KAZ
2010-Kenya;2010;Kenya;KEN
2010-Kosovo;2010;Kosovo;XKX
2010-Kuwait;2010;Kuwait;KWT
2010-Kyrgyzstan;2010;Kyrgyzstan;KGZ
2010-Laos;2010;Laos;LAO
2010-Latvia;2010;Latvia;LVA
2010-Lebanon;2010;Lebanon;LBN
2010-Lesotho;2010;Lesotho;LSO
2010-Liberia;2010;Liberia;LBR
2010-Libya;2010;Libya;LBY
2010-Lithuania;2010;Lithuania;LTU
2010-Luxembourg;2010;Luxembourg;LUX
2010-Madagascar;2010;Madagascar;MDG
2010-Malawi;2010;Malawi;MWI
2010-Malaysia;2010;Malaysia;MYS
2010-Maldives;2010;Maldives;MDV
2010-Mali;2010;Mali;MLI
2010-Malta;2010;Malta;MLT
2010-Mauritania;2010;Mauritania;MRT
2010-Mauritius;2010;Mauritius;MUS
2010-Mexico;2010;Mexico;MEX
2010-Moldova;2010;Moldova;MDA
2010-Mongolia;2010;Mongolia;MNG
2010-Montenegro;2010;Montenegro;MNE
2010-Morocco;2010;Morocco;MAR
2010-Mozambique;2010;Mozambique;MOZ
2010-Myanmar;2010;Myanmar;MMR
2010-Namibia;2010;Namibia;NAM
2010-Nepal;2010;Nepal;NPL
2010-Netherlands;2010;Netherlands;NLD
2010-New Zealand;2010;New Zealand;NZL
2010-Nicaragua;2010;Nicaragua;NIC
2010-Niger;2010;Niger;NER
2010-Nigeria;2010;Nigeria;NGA
2010-North Cyprus;2010;North Cyprus;NON ISO CYP
2010-North Macedonia;2010;North Macedonia;MKD
2010-Norway;2010;Norway;NOR
2010-Oman;2010;Oman;OMN
2010-Pakistan;2010;Pakistan;PAK
2010-Palestinian Territories;2010;Palestinian Territories;PSE
2010-Panama;2010;Panama;PAN
2010-Paraguay;2010;Paraguay;PRY
2010-Peru;2010;Peru;PER
2010-Philippines;2010;Philippines;PHL
2010-Poland;2010;Poland;POL
2010-Portugal;2010;Portugal;PRT
2010-Qatar;2010;Qatar;QAT
2010-Romania;2010;Romania;ROU
2010-Russia;2010;Russia;RUS
2010-Rwanda;2010;Rwanda;RWA
2010-Saudi Arabia;2010;Saudi Arabia;SAU
2010-Senegal;2010;Senegal;SEN
2010-Serbia;2010;Serbia;SRB
2010-Sierra Leone;2010;Sierra Leone;SLE
2010-Singapore;2010;Singapore;SGP
2010-Slovakia;2010;Slovakia;SVK
2010-Slovenia;2010;Slovenia;SVN
2010-Somalia;2010;Somalia;SOM
2010-Somaliland region;2010;Somaliland region;NON ISO SOM
2010-South Africa;2010;South Africa;ZAF
2010-South Korea;2010;South Korea;KOR
2010-South Sudan;2010;South Sudan;SSD
2010-Spain;2010;Spain;ESP
2010-Sri Lanka;2010;Sri Lanka;LKA
2010-Sudan;2010;Sudan;SDN
2010-Suriname;2010;Suriname;SUR
2010-Swaziland;2010;Swaziland;SWZ
2010-Sweden;2010;Sweden;SWE
2010-Switzerland;2010;Switzerland;CHE
2010-Syria;2010;Syria;SYR
2010-Taiwan Province of China;2010;Taiwan Province of China;TWN
2010-Tajikistan;2010;Tajikistan;TJK
2010-Tanzania;2010;Tanzania;TZA
2010-Thailand;2010;Thailand;THA
2010-Togo;2010;Togo;TGO
2010-Trinidad and Tobago;2010;Trinidad and Tobago;TTO
2010-Tunisia;2010;Tunisia;TUN
2010-Turkey;2010;Turkey;TUR
2010-Turkmenistan;2010;Turkmenistan;TKM
2010-Uganda;2010;Uganda;UGA
2010-Ukraine;2010;Ukraine;UKR
2010-United Arab Emirates;2010;United Arab Emirates;ARE
2010-United Kingdom;2010;United Kingdom;GBR
2010-United States;2010;United States;USA
2010-Uruguay;2010;Uruguay;URY
2010-Uzbekistan;2010;Uzbekistan;UZB
2010-Venezuela;2010;Venezuela;VEN
2010-Vietnam;2010;Vietnam;VNM
2010-Yemen;2010;Yemen;YEM
2010-Zambia;2010;Zambia;ZMB
2010-Zimbabwe;2010;Zimbabwe;ZWE
2011-Afghanistan;2011;Afghanistan;AFG
2011-Albania;2011;Albania;ALB
2011-Algeria;2011;Algeria;DZA
2011-Angola;2011;Angola;AGO
2011-Argentina;2011;Argentina;ARG
2011-Armenia;2011;Armenia;ARM
2011-Australia;2011;Australia;AUS
2011-Austria;2011;Austria;AUT
2011-Azerbaijan;2011;Azerbaijan;AZE
2011-Bahrain;2011;Bahrain;BHR
2011-Bangladesh;2011;Bangladesh;BGD
2011-Belarus;2011;Belarus;BLR
2011-Belgium;2011;Belgium;BEL
2011-Belize;2011;Belize;BLZ
2011-Benin;2011;Benin;BEN
2011-Bhutan;2011;Bhutan;BTN
2011-Bolivia;2011;Bolivia;BOL
2011-Bosnia and Herzegovina;2011;Bosnia and Herzegovina;BIH
2011-Botswana;2011;Botswana;BWA
2011-Brazil;2011;Brazil;BRA
2011-Bulgaria;2011;Bulgaria;BGR
2011-Burkina Faso;2011;Burkina Faso;BFA
2011-Burundi;2011;Burundi;BDI
2011-Cambodia;2011;Cambodia;KHM
2011-Cameroon;2011;Cameroon;CMR
2011-Canada;2011;Canada;CAN
2011-Central African Republic;2011;Central African Republic;CAF
2011-Chad;2011;Chad;TCD
2011-Chile;2011;Chile;CHL
2011-China;2011;China;CHN
2011-Colombia;2011;Colombia;COL
2011-Comoros;2011;Comoros;COM
2011-Congo (Brazzaville);2011;Congo (Brazzaville);COG
2011-Congo (Kinshasa);2011;Congo (Kinshasa);COD
2011-Costa Rica;2011;Costa Rica;CRI
2011-Croatia;2011;Croatia;HRV
2011-Cuba;2011;Cuba;CUB
2011-Cyprus;2011;Cyprus;CYP
2011-Czech Republic;2011;Czech Republic;CZE
2011-Denmark;2011;Denmark;DNK
2011-Djibouti;2011;Djibouti;DJI
2011-Dominican Republic;2011;Dominican Republic;DOM
2011-Ecuador;2011;Ecuador;ECU
2011-Egypt;2011;Egypt;EGY
2011-El Salvador;2011;El Salvador;SLV
2011-Estonia;2011;Estonia;EST
2011-Ethiopia;2011;Ethiopia;ETH
2011-Finland;2011;Finland;FIN
2011-France;2011;France;FRA
2011-Gabon;2011;Gabon;GAB
2011-Gambia;2011;Gambia;GMB
2011-Georgia;2011;Georgia;GEO
2011-Germany;2011;Germany;DEU
2011-Ghana;2011;Ghana;GHA
2011-Greece;2011;Greece;GRC
2011-Guatemala;2011;Guatemala;GTM
2011-Guinea;2011;Guinea;GIN
2011-Guyana;2011;Guyana;GUY
2011-Haiti;2011;Haiti;HTI
2011-Honduras;2011;Honduras;HND
2011-Hong Kong S.A.R. of China;2011;Hong Kong S.A.R. of China;HKG
2011-Hungary;2011;Hungary;HUN
2011-Iceland;2011;Iceland;ISL
2011-India;2011;India;IND
2011-Indonesia;2011;Indonesia;IDN
2011-Iran;2011;Iran;IRN
2011-Iraq;2011;Iraq;IRQ
2011-Ireland;2011;Ireland;IRL
2011-Israel;2011;Israel;ISR
2011-Italy;2011;Italy;ITA
2011-Ivory Coast;2011;Ivory Coast;CIV
2011-Jamaica;2011;Jamaica;JAM
2011-Japan;2011;Japan;JPN
2011-Jordan;2011;Jordan;JOR
2011-Kazakhstan;2011;Kazakhstan;KAZ
2011-Kenya;2011;Kenya;KEN
2011-Kosovo;2011;Kosovo;XKX
2011-Kuwait;2011;Kuwait;KWT
2011-Kyrgyzstan;2011;Kyrgyzstan;KGZ
2011-Laos;2011;Laos;LAO
2011-Latvia;2011;Latvia;LVA
2011-Lebanon;2011;Lebanon;LBN
2011-Lesotho;2011;Lesotho;LSO
2011-Liberia;2011;Liberia;LBR
2011-Libya;2011;Libya;LBY
2011-Lithuania;2011;Lithuania;LTU
2011-Luxembourg;2011;Luxembourg;LUX
2011-Madagascar;2011;Madagascar;MDG
2011-Malawi;2011;Malawi;MWI
2011-Malaysia;2011;Malaysia;MYS
2011-Maldives;2011;Maldives;MDV
2011-Mali;2011;Mali;MLI
2011-Malta;2011;Malta;MLT
2011-Mauritania;2011;Mauritania;MRT
2011-Mauritius;2011;Mauritius;MUS
2011-Mexico;2011;Mexico;MEX
2011-Moldova;2011;Moldova;MDA
2011-Mongolia;2011;Mongolia;MNG
2011-Montenegro;2011;Montenegro;MNE
2011-Morocco;2011;Morocco;MAR
2011-Mozambique;2011;Mozambique;MOZ
2011-Myanmar;2011;Myanmar;MMR
2011-Namibia;2011;Namibia;NAM
2011-Nepal;2011;Nepal;NPL
2011-Netherlands;2011;Netherlands;NLD
2011-New Zealand;2011;New Zealand;NZL
2011-Nicaragua;2011;Nicaragua;NIC
2011-Niger;2011;Niger;NER
2011-Nigeria;2011;Nigeria;NGA
2011-North Cyprus;2011;North Cyprus;NON ISO CYP
2011-North Macedonia;2011;North Macedonia;MKD
2011-Norway;2011;Norway;NOR
2011-Oman;2011;Oman;OMN
2011-Pakistan;2011;Pakistan;PAK
2011-Palestinian Territories;2011;Palestinian Territories;PSE
2011-Panama;2011;Panama;PAN
2011-Paraguay;2011;Paraguay;PRY
2011-Peru;2011;Peru;PER
2011-Philippines;2011;Philippines;PHL
2011-Poland;2011;Poland;POL
2011-Portugal;2011;Portugal;PRT
2011-Qatar;2011;Qatar;QAT
2011-Romania;2011;Romania;ROU
2011-Russia;2011;Russia;RUS
2011-Rwanda;2011;Rwanda;RWA
2011-Saudi Arabia;2011;Saudi Arabia;SAU
2011-Senegal;2011;Senegal;SEN
2011-Serbia;2011;Serbia;SRB
2011-Sierra Leone;2011;Sierra Leone;SLE
2011-Singapore;2011;Singapore;SGP
2011-Slovakia;2011;Slovakia;SVK
2011-Slovenia;2011;Slovenia;SVN
2011-Somalia;2011;Somalia;SOM
2011-Somaliland region;2011;Somaliland region;NON ISO SOM
2011-South Africa;2011;South Africa;ZAF
2011-South Korea;2011;South Korea;KOR
2011-South Sudan;2011;South Sudan;SSD
2011-Spain;2011;Spain;ESP
2011-Sri Lanka;2011;Sri Lanka;LKA
2011-Sudan;2011;Sudan;SDN
2011-Suriname;2011;Suriname;SUR
2011-Swaziland;2011;Swaziland;SWZ
2011-Sweden;2011;Sweden;SWE
2011-Switzerland;2011;Switzerland;CHE
2011-Syria;2011;Syria;SYR
2011-Taiwan Province of China;2011;Taiwan Province of China;TWN
2011-Tajikistan;2011;Tajikistan;TJK
2011-Tanzania;2011;Tanzania;TZA
2011-Thailand;2011;Thailand;THA
2011-Togo;2011;Togo;TGO
2011-Trinidad and Tobago;2011;Trinidad and Tobago;TTO
2011-Tunisia;2011;Tunisia;TUN
2011-Turkey;2011;Turkey;TUR
2011-Turkmenistan;2011;Turkmenistan;TKM
2011-Uganda;2011;Uganda;UGA
2011-Ukraine;2011;Ukraine;UKR
2011-United Arab Emirates;2011;United Arab Emirates;ARE
2011-United Kingdom;2011;United Kingdom;GBR
2011-United States;2011;United States;USA
2011-Uruguay;2011;Uruguay;URY
2011-Uzbekistan;2011;Uzbekistan;UZB
2011-Venezuela;2011;Venezuela;VEN
2011-Vietnam;2011;Vietnam;VNM
2011-Yemen;2011;Yemen;YEM
2011-Zambia;2011;Zambia;ZMB
2011-Zimbabwe;2011;Zimbabwe;ZWE
2012-Afghanistan;2012;Afghanistan;AFG
2012-Albania;2012;Albania;ALB
2012-Algeria;2012;Algeria;DZA
2012-Angola;2012;Angola;AGO
2012-Argentina;2012;Argentina;ARG
2012-Armenia;2012;Armenia;ARM
2012-Australia;2012;Australia;AUS
2012-Austria;2012;Austria;AUT
2012-Azerbaijan;2012;Azerbaijan;AZE
2012-Bahrain;2012;Bahrain;BHR
2012-Bangladesh;2012;Bangladesh;BGD
2012-Belarus;2012;Belarus;BLR
2012-Belgium;2012;Belgium;BEL
2012-Belize;2012;Belize;BLZ
2012-Benin;2012;Benin;BEN
2012-Bhutan;2012;Bhutan;BTN
2012-Bolivia;2012;Bolivia;BOL
2012-Bosnia and Herzegovina;2012;Bosnia and Herzegovina;BIH
2012-Botswana;2012;Botswana;BWA
2012-Brazil;2012;Brazil;BRA
2012-Bulgaria;2012;Bulgaria;BGR
2012-Burkina Faso;2012;Burkina Faso;BFA
2012-Burundi;2012;Burundi;BDI
2012-Cambodia;2012;Cambodia;KHM
2012-Cameroon;2012;Cameroon;CMR
2012-Canada;2012;Canada;CAN
2012-Central African Republic;2012;Central African Republic;CAF
2012-Chad;2012;Chad;TCD
2012-Chile;2012;Chile;CHL
2012-China;2012;China;CHN
2012-Colombia;2012;Colombia;COL
2012-Comoros;2012;Comoros;COM
2012-Congo (Brazzaville);2012;Congo (Brazzaville);COG
2012-Congo (Kinshasa);2012;Congo (Kinshasa);COD
2012-Costa Rica;2012;Costa Rica;CRI
2012-Croatia;2012;Croatia;HRV
2012-Cuba;2012;Cuba;CUB
2012-Cyprus;2012;Cyprus;CYP
2012-Czech Republic;2012;Czech Republic;CZE
2012-Denmark;2012;Denmark;DNK
2012-Djibouti;2012;Djibouti;DJI
2012-Dominican Republic;2012;Dominican Republic;DOM
2012-Ecuador;2012;Ecuador;ECU
2012-Egypt;2012;Egypt;EGY
2012-El Salvador;2012;El Salvador;SLV
2012-Estonia;2012;Estonia;EST
2012-Ethiopia;2012;Ethiopia;ETH
2012-Finland;2012;Finland;FIN
2012-France;2012;France;FRA
2012-Gabon;2012;Gabon;GAB
2012-Gambia;2012;Gambia;GMB
2012-Georgia;2012;Georgia;GEO
2012-Germany;2012;Germany;DEU
2012-Ghana;2012;Ghana;GHA
2012-Greece;2012;Greece;GRC
2012-Guatemala;2012;Guatemala;GTM
2012-Guinea;2012;Guinea;GIN
2012-Guyana;2012;Guyana;GUY
2012-Haiti;2012;Haiti;HTI
2012-Honduras;2012;Honduras;HND
2012-Hong Kong S.A.R. of China;2012;Hong Kong S.A.R. of China;HKG
2012-Hungary;2012;Hungary;HUN
2012-Iceland;2012;Iceland;ISL
2012-India;2012;India;IND
2012-Indonesia;2012;Indonesia;IDN
2012-Iran;2012;Iran;IRN
2012-Iraq;2012;Iraq;IRQ
2012-Ireland;2012;Ireland;IRL
2012-Israel;2012;Israel;ISR
2012-Italy;2012;Italy;ITA
2012-Ivory Coast;2012;Ivory Coast;CIV
2012-Jamaica;2012;Jamaica;JAM
2012-Japan;2012;Japan;JPN
2012-Jordan;2012;Jordan;JOR
2012-Kazakhstan;2012;Kazakhstan;KAZ
2012-Kenya;2012;Kenya;KEN
2012-Kosovo;2012;Kosovo;XKX
2012-Kuwait;2012;Kuwait;KWT
2012-Kyrgyzstan;2012;Kyrgyzstan;KGZ
2012-Laos;2012;Laos;LAO
2012-Latvia;2012;Latvia;LVA
2012-Lebanon;2012;Lebanon;LBN
2012-Lesotho;2012;Lesotho;LSO
2012-Liberia;2012;Liberia;LBR
2012-Libya;2012;Libya;LBY
2012-Lithuania;2012;Lithuania;LTU
2012-Luxembourg;2012;Luxembourg;LUX
2012-Madagascar;2012;Madagascar;MDG
2012-Malawi;2012;Malawi;MWI
2012-Malaysia;2012;Malaysia;MYS
2012-Maldives;2012;Maldives;MDV
2012-Mali;2012;Mali;MLI
2012-Malta;2012;Malta;MLT
2012-Mauritania;2012;Mauritania;MRT
2012-Mauritius;2012;Mauritius;MUS
2012-Mexico;2012;Mexico;MEX
2012-Moldova;2012;Moldova;MDA
2012-Mongolia;2012;Mongolia;MNG
2012-Montenegro;2012;Montenegro;MNE
2012-Morocco;2012;Morocco;MAR
2012-Mozambique;2012;Mozambique;MOZ
2012-Myanmar;2012;Myanmar;MMR
2012-Namibia;2012;Namibia;NAM
2012-Nepal;2012;Nepal;NPL
2012-Netherlands;2012;Netherlands;NLD
2012-New Zealand;2012;New Zealand;NZL
2012-Nicaragua;2012;Nicaragua;NIC
2012-Niger;2012;Niger;NER
2012-Nigeria;2012;Nigeria;NGA
2012-North Cyprus;2012;North Cyprus;NON ISO CYP
2012-North Macedonia;2012;North Macedonia;MKD
2012-Norway;2012;Norway;NOR
2012-Oman;2012;Oman;OMN
2012-Pakistan;2012;Pakistan;PAK
2012-Palestinian Territories;2012;Palestinian Territories;PSE
2012-Panama;2012;Panama;PAN
2012-Paraguay;2012;Paraguay;PRY
2012-Peru;2012;Peru;PER
2012-Philippines;2012;Philippines;PHL
2012-Poland;2012;Poland;POL
2012-Portugal;2012;Portugal;PRT
2012-Qatar;2012;Qatar;QAT
2012-Romania;2012;Romania;ROU
2012-Russia;2012;Russia;RUS
2012-Rwanda;2012;Rwanda;RWA
2012-Saudi Arabia;2012;Saudi Arabia;SAU
2012-Senegal;2012;Senegal;SEN
2012-Serbia;2012;Serbia;SRB
2012-Sierra Leone;2012;Sierra Leone;SLE
2012-Singapore;2012;Singapore;SGP
2012-Slovakia;2012;Slovakia;SVK
2012-Slovenia;2012;Slovenia;SVN
2012-Somalia;2012;Somalia;SOM
2012-Somaliland region;2012;Somaliland region;NON ISO SOM
2012-South Africa;2012;South Africa;ZAF
2012-South Korea;2012;South Korea;KOR
2012-South Sudan;2012;South Sudan;SSD
2012-Spain;2012;Spain;ESP
2012-Sri Lanka;2012;Sri Lanka;LKA
2012-Sudan;2012;Sudan;SDN
2012-Suriname;2012;Suriname;SUR
2012-Swaziland;2012;Swaziland;SWZ
2012-Sweden;2012;Sweden;SWE
2012-Switzerland;2012;Switzerland;CHE
2012-Syria;2012;Syria;SYR
2012-Taiwan Province of China;2012;Taiwan Province of China;TWN
2012-Tajikistan;2012;Tajikistan;TJK
2012-Tanzania;2012;Tanzania;TZA
2012-Thailand;2012;Thailand;THA
2012-Togo;2012;Togo;TGO
2012-Trinidad and Tobago;2012;Trinidad and Tobago;TTO
2012-Tunisia;2012;Tunisia;TUN
2012-Turkey;2012;Turkey;TUR
2012-Turkmenistan;2012;Turkmenistan;TKM
2012-Uganda;2012;Uganda;UGA
2012-Ukraine;2012;Ukraine;UKR
2012-United Arab Emirates;2012;United Arab Emirates;ARE
2012-United Kingdom;2012;United Kingdom;GBR
2012-United States;2012;United States;USA
2012-Uruguay;2012;Uruguay;URY
2012-Uzbekistan;2012;Uzbekistan;UZB
2012-Venezuela;2012;Venezuela;VEN
2012-Vietnam;2012;Vietnam;VNM
2012-Yemen;2012;Yemen;YEM
2012-Zambia;2012;Zambia;ZMB
2012-Zimbabwe;2012;Zimbabwe;ZWE
2013-Afghanistan;2013;Afghanistan;AFG
2013-Albania;2013;Albania;ALB
2013-Algeria;2013;Algeria;DZA
2013-Angola;2013;Angola;AGO
2013-Argentina;2013;Argentina;ARG
2013-Armenia;2013;Armenia;ARM
2013-Australia;2013;Australia;AUS
2013-Austria;2013;Austria;AUT
2013-Azerbaijan;2013;Azerbaijan;AZE
2013-Bahrain;2013;Bahrain;BHR
2013-Bangladesh;2013;Bangladesh;BGD
2013-Belarus;2013;Belarus;BLR
2013-Belgium;2013;Belgium;BEL
2013-Belize;2013;Belize;BLZ
2013-Benin;2013;Benin;BEN
2013-Bhutan;2013;Bhutan;BTN
2013-Bolivia;2013;Bolivia;BOL
2013-Bosnia and Herzegovina;2013;Bosnia and Herzegovina;BIH
2013-Botswana;2013;Botswana;BWA
2013-Brazil;2013;Brazil;BRA
2013-Bulgaria;2013;Bulgaria;BGR
2013-Burkina Faso;2013;Burkina Faso;BFA
2013-Burundi;2013;Burundi;BDI
2013-Cambodia;2013;Cambodia;KHM
2013-Cameroon;2013;Cameroon;CMR
2013-Canada;2013;Canada;CAN
2013-Central African Republic;2013;Central African Republic;CAF
2013-Chad;2013;Chad;TCD
2013-Chile;2013;Chile;CHL
2013-China;2013;China;CHN
2013-Colombia;2013;Colombia;COL
2013-Comoros;2013;Comoros;COM
2013-Congo (Brazzaville);2013;Congo (Brazzaville);COG
2013-Congo (Kinshasa);2013;Congo (Kinshasa);COD
2013-Costa Rica;2013;Costa Rica;CRI
2013-Croatia;2013;Croatia;HRV
2013-Cuba;2013;Cuba;CUB
2013-Cyprus;2013;Cyprus;CYP
2013-Czech Republic;2013;Czech Republic;CZE
2013-Denmark;2013;Denmark;DNK
2013-Djibouti;2013;Djibouti;DJI
2013-Dominican Republic;2013;Dominican Republic;DOM
2013-Ecuador;2013;Ecuador;ECU
2013-Egypt;2013;Egypt;EGY
2013-El Salvador;2013;El Salvador;SLV
2013-Estonia;2013;Estonia;EST
2013-Ethiopia;2013;Ethiopia;ETH
2013-Finland;2013;Finland;FIN
2013-France;2013;France;FRA
2013-Gabon;2013;Gabon;GAB
2013-Gambia;2013;Gambia;GMB
2013-Georgia;2013;Georgia;GEO
2013-Germany;2013;Germany;DEU
2013-Ghana;2013;Ghana;GHA
2013-Greece;2013;Greece;GRC
2013-Guatemala;2013;Guatemala;GTM
2013-Guinea;2013;Guinea;GIN
2013-Guyana;2013;Guyana;GUY
2013-Haiti;2013;Haiti;HTI
2013-Honduras;2013;Honduras;HND
2013-Hong Kong S.A.R. of China;2013;Hong Kong S.A.R. of China;HKG
2013-Hungary;2013;Hungary;HUN
2013-Iceland;2013;Iceland;ISL
2013-India;2013;India;IND
2013-Indonesia;2013;Indonesia;IDN
2013-Iran;2013;Iran;IRN
2013-Iraq;2013;Iraq;IRQ
2013-Ireland;2013;Ireland;IRL
2013-Israel;2013;Israel;ISR
2013-Italy;2013;Italy;ITA
2013-Ivory Coast;2013;Ivory Coast;CIV
2013-Jamaica;2013;Jamaica;JAM
2013-Japan;2013;Japan;JPN
2013-Jordan;2013;Jordan;JOR
2013-Kazakhstan;2013;Kazakhstan;KAZ
2013-Kenya;2013;Kenya;KEN
2013-Kosovo;2013;Kosovo;XKX
2013-Kuwait;2013;Kuwait;KWT
2013-Kyrgyzstan;2013;Kyrgyzstan;KGZ
2013-Laos;2013;Laos;LAO
2013-Latvia;2013;Latvia;LVA
2013-Lebanon;2013;Lebanon;LBN
2013-Lesotho;2013;Lesotho;LSO
2013-Liberia;2013;Liberia;LBR
2013-Libya;2013;Libya;LBY
2013-Lithuania;2013;Lithuania;LTU
2013-Luxembourg;2013;Luxembourg;LUX
2013-Madagascar;2013;Madagascar;MDG
2013-Malawi;2013;Malawi;MWI
2013-Malaysia;2013;Malaysia;MYS
2013-Maldives;2013;Maldives;MDV
2013-Mali;2013;Mali;MLI
2013-Malta;2013;Malta;MLT
2013-Mauritania;2013;Mauritania;MRT
2013-Mauritius;2013;Mauritius;MUS
2013-Mexico;2013;Mexico;MEX
2013-Moldova;2013;Moldova;MDA
2013-Mongolia;2013;Mongolia;MNG
2013-Montenegro;2013;Montenegro;MNE
2013-Morocco;2013;Morocco;MAR
2013-Mozambique;2013;Mozambique;MOZ
2013-Myanmar;2013;Myanmar;MMR
2013-Namibia;2013;Namibia;NAM
2013-Nepal;2013;Nepal;NPL
2013-Netherlands;2013;Netherlands;NLD
2013-New Zealand;2013;New Zealand;NZL
2013-Nicaragua;2013;Nicaragua;NIC
2013-Niger;2013;Niger;NER
2013-Nigeria;2013;Nigeria;NGA
2013-North Cyprus;2013;North Cyprus;NON ISO CYP
2013-North Macedonia;2013;North Macedonia;MKD
2013-Norway;2013;Norway;NOR
2013-Oman;2013;Oman;OMN
2013-Pakistan;2013;Pakistan;PAK
2013-Palestinian Territories;2013;Palestinian Territories;PSE
2013-Panama;2013;Panama;PAN
2013-Paraguay;2013;Paraguay;PRY
2013-Peru;2013;Peru;PER
2013-Philippines;2013;Philippines;PHL
2013-Poland;2013;Poland;POL
2013-Portugal;2013;Portugal;PRT
2013-Qatar;2013;Qatar;QAT
2013-Romania;2013;Romania;ROU
2013-Russia;2013;Russia;RUS
2013-Rwanda;2013;Rwanda;RWA
2013-Saudi Arabia;2013;Saudi Arabia;SAU
2013-Senegal;2013;Senegal;SEN
2013-Serbia;2013;Serbia;SRB
2013-Sierra Leone;2013;Sierra Leone;SLE
2013-Singapore;2013;Singapore;SGP
2013-Slovakia;2013;Slovakia;SVK
2013-Slovenia;2013;Slovenia;SVN
2013-Somalia;2013;Somalia;SOM
2013-Somaliland region;2013;Somaliland region;NON ISO SOM
2013-South Africa;2013;South Africa;ZAF
2013-South Korea;2013;South Korea;KOR
2013-South Sudan;2013;South Sudan;SSD
2013-Spain;2013;Spain;ESP
2013-Sri Lanka;2013;Sri Lanka;LKA
2013-Sudan;2013;Sudan;SDN
2013-Suriname;2013;Suriname;SUR
2013-Swaziland;2013;Swaziland;SWZ
2013-Sweden;2013;Sweden;SWE
2013-Switzerland;2013;Switzerland;CHE
2013-Syria;2013;Syria;SYR
2013-Taiwan Province of China;2013;Taiwan Province of China;TWN
2013-Tajikistan;2013;Tajikistan;TJK
2013-Tanzania;2013;Tanzania;TZA
2013-Thailand;2013;Thailand;THA
2013-Togo;2013;Togo;TGO
2013-Trinidad and Tobago;2013;Trinidad and Tobago;TTO
2013-Tunisia;2013;Tunisia;TUN
2013-Turkey;2013;Turkey;TUR
2013-Turkmenistan;2013;Turkmenistan;TKM
2013-Uganda;2013;Uganda;UGA
2013-Ukraine;2013;Ukraine;UKR
2013-United Arab Emirates;2013;United Arab Emirates;ARE
2013-United Kingdom;2013;United Kingdom;GBR
2013-United States;2013;United States;USA
2013-Uruguay;2013;Uruguay;URY
2013-Uzbekistan;2013;Uzbekistan;UZB
2013-Venezuela;2013;Venezuela;VEN
2013-Vietnam;2013;Vietnam;VNM
2013-Yemen;2013;Yemen;YEM
2013-Zambia;2013;Zambia;ZMB
2013-Zimbabwe;2013;Zimbabwe;ZWE
2014-Afghanistan;2014;Afghanistan;AFG
2014-Albania;2014;Albania;ALB
2014-Algeria;2014;Algeria;DZA
2014-Angola;2014;Angola;AGO
2014-Argentina;2014;Argentina;ARG
2014-Armenia;2014;Armenia;ARM
2014-Australia;2014;Australia;AUS
2014-Austria;2014;Austria;AUT
2014-Azerbaijan;2014;Azerbaijan;AZE
2014-Bahrain;2014;Bahrain;BHR
2014-Bangladesh;2014;Bangladesh;BGD
2014-Belarus;2014;Belarus;BLR
2014-Belgium;2014;Belgium;BEL
2014-Belize;2014;Belize;BLZ
2014-Benin;2014;Benin;BEN
2014-Bhutan;2014;Bhutan;BTN
2014-Bolivia;2014;Bolivia;BOL
2014-Bosnia and Herzegovina;2014;Bosnia and Herzegovina;BIH
2014-Botswana;2014;Botswana;BWA
2014-Brazil;2014;Brazil;BRA
2014-Bulgaria;2014;Bulgaria;BGR
2014-Burkina Faso;2014;Burkina Faso;BFA
2014-Burundi;2014;Burundi;BDI
2014-Cambodia;2014;Cambodia;KHM
2014-Cameroon;2014;Cameroon;CMR
2014-Canada;2014;Canada;CAN
2014-Central African Republic;2014;Central African Republic;CAF
2014-Chad;2014;Chad;TCD
2014-Chile;2014;Chile;CHL
2014-China;2014;China;CHN
2014-Colombia;2014;Colombia;COL
2014-Comoros;2014;Comoros;COM
2014-Congo (Brazzaville);2014;Congo (Brazzaville);COG
2014-Congo (Kinshasa);2014;Congo (Kinshasa);COD
2014-Costa Rica;2014;Costa Rica;CRI
2014-Croatia;2014;Croatia;HRV
2014-Cuba;2014;Cuba;CUB
2014-Cyprus;2014;Cyprus;CYP
2014-Czech Republic;2014;Czech Republic;CZE
2014-Denmark;2014;Denmark;DNK
2014-Djibouti;2014;Djibouti;DJI
2014-Dominican Republic;2014;Dominican Republic;DOM
2014-Ecuador;2014;Ecuador;ECU
2014-Egypt;2014;Egypt;EGY
2014-El Salvador;2014;El Salvador;SLV
2014-Estonia;2014;Estonia;EST
2014-Ethiopia;2014;Ethiopia;ETH
2014-Finland;2014;Finland;FIN
2014-France;2014;France;FRA
2014-Gabon;2014;Gabon;GAB
2014-Gambia;2014;Gambia;GMB
2014-Georgia;2014;Georgia;GEO
2014-Germany;2014;Germany;DEU
2014-Ghana;2014;Ghana;GHA
2014-Greece;2014;Greece;GRC
2014-Guatemala;2014;Guatemala;GTM
2014-Guinea;2014;Guinea;GIN
2014-Guyana;2014;Guyana;GUY
2014-Haiti;2014;Haiti;HTI
2014-Honduras;2014;Honduras;HND
2014-Hong Kong S.A.R. of China;2014;Hong Kong S.A.R. of China;HKG
2014-Hungary;2014;Hungary;HUN
2014-Iceland;2014;Iceland;ISL
2014-India;2014;India;IND
2014-Indonesia;2014;Indonesia;IDN
2014-Iran;2014;Iran;IRN
2014-Iraq;2014;Iraq;IRQ
2014-Ireland;2014;Ireland;IRL
2014-Israel;2014;Israel;ISR
2014-Italy;2014;Italy;ITA
2014-Ivory Coast;2014;Ivory Coast;CIV
2014-Jamaica;2014;Jamaica;JAM
2014-Japan;2014;Japan;JPN
2014-Jordan;2014;Jordan;JOR
2014-Kazakhstan;2014;Kazakhstan;KAZ
2014-Kenya;2014;Kenya;KEN
2014-Kosovo;2014;Kosovo;XKX
2014-Kuwait;2014;Kuwait;KWT
2014-Kyrgyzstan;2014;Kyrgyzstan;KGZ
2014-Laos;2014;Laos;LAO
2014-Latvia;2014;Latvia;LVA
2014-Lebanon;2014;Lebanon;LBN
2014-Lesotho;2014;Lesotho;LSO
2014-Liberia;2014;Liberia;LBR
2014-Libya;2014;Libya;LBY
2014-Lithuania;2014;Lithuania;LTU
2014-Luxembourg;2014;Luxembourg;LUX
2014-Madagascar;2014;Madagascar;MDG
2014-Malawi;2014;Malawi;MWI
2014-Malaysia;2014;Malaysia;MYS
2014-Maldives;2014;Maldives;MDV
2014-Mali;2014;Mali;MLI
2014-Malta;2014;Malta;MLT
2014-Mauritania;2014;Mauritania;MRT
2014-Mauritius;2014;Mauritius;MUS
2014-Mexico;2014;Mexico;MEX
2014-Moldova;2014;Moldova;MDA
2014-Mongolia;2014;Mongolia;MNG
2014-Montenegro;2014;Montenegro;MNE
2014-Morocco;2014;Morocco;MAR
2014-Mozambique;2014;Mozambique;MOZ
2014-Myanmar;2014;Myanmar;MMR
2014-Namibia;2014;Namibia;NAM
2014-Nepal;2014;Nepal;NPL
2014-Netherlands;2014;Netherlands;NLD
2014-New Zealand;2014;New Zealand;NZL
2014-Nicaragua;2014;Nicaragua;NIC
2014-Niger;2014;Niger;NER
2014-Nigeria;2014;Nigeria;NGA
2014-North Cyprus;2014;North Cyprus;NON ISO CYP
2014-North Macedonia;2014;North Macedonia;MKD
2014-Norway;2014;Norway;NOR
2014-Oman;2014;Oman;OMN
2014-Pakistan;2014;Pakistan;PAK
2014-Palestinian Territories;2014;Palestinian Territories;PSE
2014-Panama;2014;Panama;PAN
2014-Paraguay;2014;Paraguay;PRY
2014-Peru;2014;Peru;PER
2014-Philippines;2014;Philippines;PHL
2014-Poland;2014;Poland;POL
2014-Portugal;2014;Portugal;PRT
2014-Qatar;2014;Qatar;QAT
2014-Romania;2014;Romania;ROU
2014-Russia;2014;Russia;RUS
2014-Rwanda;2014;Rwanda;RWA
2014-Saudi Arabia;2014;Saudi Arabia;SAU
2014-Senegal;2014;Senegal;SEN
2014-Serbia;2014;Serbia;SRB
2014-Sierra Leone;2014;Sierra Leone;SLE
2014-Singapore;2014;Singapore;SGP
2014-Slovakia;2014;Slovakia;SVK
2014-Slovenia;2014;Slovenia;SVN
2014-Somalia;2014;Somalia;SOM
2014-Somaliland region;2014;Somaliland region;NON ISO SOM
2014-South Africa;2014;South Africa;ZAF
2014-South Korea;2014;South Korea;KOR
2014-South Sudan;2014;South Sudan;SSD
2014-Spain;2014;Spain;ESP
2014-Sri Lanka;2014;Sri Lanka;LKA
2014-Sudan;2014;Sudan;SDN
2014-Suriname;2014;Suriname;SUR
2014-Swaziland;2014;Swaziland;SWZ
2014-Sweden;2014;Sweden;SWE
2014-Switzerland;2014;Switzerland;CHE
2014-Syria;2014;Syria;SYR
2014-Taiwan Province of China;2014;Taiwan Province of China;TWN
2014-Tajikistan;2014;Tajikistan;TJK
2014-Tanzania;2014;Tanzania;TZA
2014-Thailand;2014;Thailand;THA
2014-Togo;2014;Togo;TGO
2014-Trinidad and Tobago;2014;Trinidad and Tobago;TTO
2014-Tunisia;2014;Tunisia;TUN
2014-Turkey;2014;Turkey;TUR
2014-Turkmenistan;2014;Turkmenistan;TKM
2014-Uganda;2014;Uganda;UGA
2014-Ukraine;2014;Ukraine;UKR
2014-United Arab Emirates;2014;United Arab Emirates;ARE
2014-United Kingdom;2014;United Kingdom;GBR
2014-United States;2014;United States;USA
2014-Uruguay;2014;Uruguay;URY
2014-Uzbekistan;2014;Uzbekistan;UZB
2014-Venezuela;2014;Venezuela;VEN
2014-Vietnam;2014;Vietnam;VNM
2014-Yemen;2014;Yemen;YEM
2014-Zambia;2014;Zambia;ZMB
2014-Zimbabwe;2014;Zimbabwe;ZWE
2015-Afghanistan;2015;Afghanistan;AFG
2015-Albania;2015;Albania;ALB
2015-Algeria;2015;Algeria;DZA
2015-Angola;2015;Angola;AGO
2015-Argentina;2015;Argentina;ARG
2015-Armenia;2015;Armenia;ARM
2015-Australia;2015;Australia;AUS
2015-Austria;2015;Austria;AUT
2015-Azerbaijan;2015;Azerbaijan;AZE
2015-Bahrain;2015;Bahrain;BHR
2015-Bangladesh;2015;Bangladesh;BGD
2015-Belarus;2015;Belarus;BLR
2015-Belgium;2015;Belgium;BEL
2015-Belize;2015;Belize;BLZ
2015-Benin;2015;Benin;BEN
2015-Bhutan;2015;Bhutan;BTN
2015-Bolivia;2015;Bolivia;BOL
2015-Bosnia and Herzegovina;2015;Bosnia and Herzegovina;BIH
2015-Botswana;2015;Botswana;BWA
2015-Brazil;2015;Brazil;BRA
2015-Bulgaria;2015;Bulgaria;BGR
2015-Burkina Faso;2015;Burkina Faso;BFA
2015-Burundi;2015;Burundi;BDI
2015-Cambodia;2015;Cambodia;KHM
2015-Cameroon;2015;Cameroon;CMR
2015-Canada;2015;Canada;CAN
2015-Central African Republic;2015;Central African Republic;CAF
2015-Chad;2015;Chad;TCD
2015-Chile;2015;Chile;CHL
2015-China;2015;China;CHN
2015-Colombia;2015;Colombia;COL
2015-Comoros;2015;Comoros;COM
2015-Congo (Brazzaville);2015;Congo (Brazzaville);COG
2015-Congo (Kinshasa);2015;Congo (Kinshasa);COD
2015-Costa Rica;2015;Costa Rica;CRI
2015-Croatia;2015;Croatia;HRV
2015-Cuba;2015;Cuba;CUB
2015-Cyprus;2015;Cyprus;CYP
2015-Czech Republic;2015;Czech Republic;CZE
2015-Denmark;2015;Denmark;DNK
2015-Djibouti;2015;Djibouti;DJI
2015-Dominican Republic;2015;Dominican Republic;DOM
2015-Ecuador;2015;Ecuador;ECU
2015-Egypt;2015;Egypt;EGY
2015-El Salvador;2015;El Salvador;SLV
2015-Estonia;2015;Estonia;EST
2015-Ethiopia;2015;Ethiopia;ETH
2015-Finland;2015;Finland;FIN
2015-France;2015;France;FRA
2015-Gabon;2015;Gabon;GAB
2015-Gambia;2015;Gambia;GMB
2015-Georgia;2015;Georgia;GEO
2015-Germany;2015;Germany;DEU
2015-Ghana;2015;Ghana;GHA
2015-Greece;2015;Greece;GRC
2015-Guatemala;2015;Guatemala;GTM
2015-Guinea;2015;Guinea;GIN
2015-Guyana;2015;Guyana;GUY
2015-Haiti;2015;Haiti;HTI
2015-Honduras;2015;Honduras;HND
2015-Hong Kong S.A.R. of China;2015;Hong Kong S.A.R. of China;HKG
2015-Hungary;2015;Hungary;HUN
2015-Iceland;2015;Iceland;ISL
2015-India;2015;India;IND
2015-Indonesia;2015;Indonesia;IDN
2015-Iran;2015;Iran;IRN
2015-Iraq;2015;Iraq;IRQ
2015-Ireland;2015;Ireland;IRL
2015-Israel;2015;Israel;ISR
2015-Italy;2015;Italy;ITA
2015-Ivory Coast;2015;Ivory Coast;CIV
2015-Jamaica;2015;Jamaica;JAM
2015-Japan;2015;Japan;JPN
2015-Jordan;2015;Jordan;JOR
2015-Kazakhstan;2015;Kazakhstan;KAZ
2015-Kenya;2015;Kenya;KEN
2015-Kosovo;2015;Kosovo;XKX
2015-Kuwait;2015;Kuwait;KWT
2015-Kyrgyzstan;2015;Kyrgyzstan;KGZ
2015-Laos;2015;Laos;LAO
2015-Latvia;2015;Latvia;LVA
2015-Lebanon;2015;Lebanon;LBN
2015-Lesotho;2015;Lesotho;LSO
2015-Liberia;2015;Liberia;LBR
2015-Libya;2015;Libya;LBY
2015-Lithuania;2015;Lithuania;LTU
2015-Luxembourg;2015;Luxembourg;LUX
2015-Madagascar;2015;Madagascar;MDG
2015-Malawi;2015;Malawi;MWI
2015-Malaysia;2015;Malaysia;MYS
2015-Maldives;2015;Maldives;MDV
2015-Mali;2015;Mali;MLI
2015-Malta;2015;Malta;MLT
2015-Mauritania;2015;Mauritania;MRT
2015-Mauritius;2015;Mauritius;MUS
2015-Mexico;2015;Mexico;MEX
2015-Moldova;2015;Moldova;MDA
2015-Mongolia;2015;Mongolia;MNG
2015-Montenegro;2015;Montenegro;MNE
2015-Morocco;2015;Morocco;MAR
2015-Mozambique;2015;Mozambique;MOZ
2015-Myanmar;2015;Myanmar;MMR
2015-Namibia;2015;Namibia;NAM
2015-Nepal;2015;Nepal;NPL
2015-Netherlands;2015;Netherlands;NLD
2015-New Zealand;2015;New Zealand;NZL
2015-Nicaragua;2015;Nicaragua;NIC
2015-Niger;2015;Niger;NER
2015-Nigeria;2015;Nigeria;NGA
2015-North Cyprus;2015;North Cyprus;NON ISO CYP
2015-North Macedonia;2015;North Macedonia;MKD
2015-Norway;2015;Norway;NOR
2015-Oman;2015;Oman;OMN
2015-Pakistan;2015;Pakistan;PAK
2015-Palestinian Territories;2015;Palestinian Territories;PSE
2015-Panama;2015;Panama;PAN
2015-Paraguay;2015;Paraguay;PRY
2015-Peru;2015;Peru;PER
2015-Philippines;2015;Philippines;PHL
2015-Poland;2015;Poland;POL
2015-Portugal;2015;Portugal;PRT
2015-Qatar;2015;Qatar;QAT
2015-Romania;2015;Romania;ROU
2015-Russia;2015;Russia;RUS
2015-Rwanda;2015;Rwanda;RWA
2015-Saudi Arabia;2015;Saudi Arabia;SAU
2015-Senegal;2015;Senegal;SEN
2015-Serbia;2015;Serbia;SRB
2015-Sierra Leone;2015;Sierra Leone;SLE
2015-Singapore;2015;Singapore;SGP
2015-Slovakia;2015;Slovakia;SVK
2015-Slovenia;2015;Slovenia;SVN
2015-Somalia;2015;Somalia;SOM
2015-Somaliland region;2015;Somaliland region;NON ISO SOM
2015-South Africa;2015;South Africa;ZAF
2015-South Korea;2015;South Korea;KOR
2015-South Sudan;2015;South Sudan;SSD
2015-Spain;2015;Spain;ESP
2015-Sri Lanka;2015;Sri Lanka;LKA
2015-Sudan;2015;Sudan;SDN
2015-Suriname;2015;Suriname;SUR
2015-Swaziland;2015;Swaziland;SWZ
2015-Sweden;2015;Sweden;SWE
2015-Switzerland;2015;Switzerland;CHE
2015-Syria;2015;Syria;SYR
2015-Taiwan Province of China;2015;Taiwan Province of China;TWN
2015-Tajikistan;2015;Tajikistan;TJK
2015-Tanzania;2015;Tanzania;TZA
2015-Thailand;2015;Thailand;THA
2015-Togo;2015;Togo;TGO
2015-Trinidad and Tobago;2015;Trinidad and Tobago;TTO
2015-Tunisia;2015;Tunisia;TUN
2015-Turkey;2015;Turkey;TUR
2015-Turkmenistan;2015;Turkmenistan;TKM
2015-Uganda;2015;Uganda;UGA
2015-Ukraine;2015;Ukraine;UKR
2015-United Arab Emirates;2015;United Arab Emirates;ARE
2015-United Kingdom;2015;United Kingdom;GBR
2015-United States;2015;United States;USA
2015-Uruguay;2015;Uruguay;URY
2015-Uzbekistan;2015;Uzbekistan;UZB
2015-Venezuela;2015;Venezuela;VEN
2015-Vietnam;2015;Vietnam;VNM
2015-Yemen;2015;Yemen;YEM
2015-Zambia;2015;Zambia;ZMB
2015-Zimbabwe;2015;Zimbabwe;ZWE
2016-Afghanistan;2016;Afghanistan;AFG
2016-Albania;2016;Albania;ALB
2016-Algeria;2016;Algeria;DZA
2016-Angola;2016;Angola;AGO
2016-Argentina;2016;Argentina;ARG
2016-Armenia;2016;Armenia;ARM
2016-Australia;2016;Australia;AUS
2016-Austria;2016;Austria;AUT
2016-Azerbaijan;2016;Azerbaijan;AZE
2016-Bahrain;2016;Bahrain;BHR
2016-Bangladesh;2016;Bangladesh;BGD
2016-Belarus;2016;Belarus;BLR
2016-Belgium;2016;Belgium;BEL
2016-Belize;2016;Belize;BLZ
2016-Benin;2016;Benin;BEN
2016-Bhutan;2016;Bhutan;BTN
2016-Bolivia;2016;Bolivia;BOL
2016-Bosnia and Herzegovina;2016;Bosnia and Herzegovina;BIH
2016-Botswana;2016;Botswana;BWA
2016-Brazil;2016;Brazil;BRA
2016-Bulgaria;2016;Bulgaria;BGR
2016-Burkina Faso;2016;Burkina Faso;BFA
2016-Burundi;2016;Burundi;BDI
2016-Cambodia;2016;Cambodia;KHM
2016-Cameroon;2016;Cameroon;CMR
2016-Canada;2016;Canada;CAN
2016-Central African Republic;2016;Central African Republic;CAF
2016-Chad;2016;Chad;TCD
2016-Chile;2016;Chile;CHL
2016-China;2016;China;CHN
2016-Colombia;2016;Colombia;COL
2016-Comoros;2016;Comoros;COM
2016-Congo (Brazzaville);2016;Congo (Brazzaville);COG
2016-Congo (Kinshasa);2016;Congo (Kinshasa);COD
2016-Costa Rica;2016;Costa Rica;CRI
2016-Croatia;2016;Croatia;HRV
2016-Cuba;2016;Cuba;CUB
2016-Cyprus;2016;Cyprus;CYP
2016-Czech Republic;2016;Czech Republic;CZE
2016-Denmark;2016;Denmark;DNK
2016-Djibouti;2016;Djibouti;DJI
2016-Dominican Republic;2016;Dominican Republic;DOM
2016-Ecuador;2016;Ecuador;ECU
2016-Egypt;2016;Egypt;EGY
2016-El Salvador;2016;El Salvador;SLV
2016-Estonia;2016;Estonia;EST
2016-Ethiopia;2016;Ethiopia;ETH
2016-Finland;2016;Finland;FIN
2016-France;2016;France;FRA
2016-Gabon;2016;Gabon;GAB
2016-Gambia;2016;Gambia;GMB
2016-Georgia;2016;Georgia;GEO
2016-Germany;2016;Germany;DEU
2016-Ghana;2016;Ghana;GHA
2016-Greece;2016;Greece;GRC
2016-Guatemala;2016;Guatemala;GTM
2016-Guinea;2016;Guinea;GIN
2016-Guyana;2016;Guyana;GUY
2016-Haiti;2016;Haiti;HTI
2016-Honduras;2016;Honduras;HND
2016-Hong Kong S.A.R. of China;2016;Hong Kong S.A.R. of China;HKG
2016-Hungary;2016;Hungary;HUN
2016-Iceland;2016;Iceland;ISL
2016-India;2016;India;IND
2016-Indonesia;2016;Indonesia;IDN
2016-Iran;2016;Iran;IRN
2016-Iraq;2016;Iraq;IRQ
2016-Ireland;2016;Ireland;IRL
2016-Israel;2016;Israel;ISR
2016-Italy;2016;Italy;ITA
2016-Ivory Coast;2016;Ivory Coast;CIV
2016-Jamaica;2016;Jamaica;JAM
2016-Japan;2016;Japan;JPN
2016-Jordan;2016;Jordan;JOR
2016-Kazakhstan;2016;Kazakhstan;KAZ
2016-Kenya;2016;Kenya;KEN
2016-Kosovo;2016;Kosovo;XKX
2016-Kuwait;2016;Kuwait;KWT
2016-Kyrgyzstan;2016;Kyrgyzstan;KGZ
2016-Laos;2016;Laos;LAO
2016-Latvia;2016;Latvia;LVA
2016-Lebanon;2016;Lebanon;LBN
2016-Lesotho;2016;Lesotho;LSO
2016-Liberia;2016;Liberia;LBR
2016-Libya;2016;Libya;LBY
2016-Lithuania;2016;Lithuania;LTU
2016-Luxembourg;2016;Luxembourg;LUX
2016-Madagascar;2016;Madagascar;MDG
2016-Malawi;2016;Malawi;MWI
2016-Malaysia;2016;Malaysia;MYS
2016-Maldives;2016;Maldives;MDV
2016-Mali;2016;Mali;MLI
2016-Malta;2016;Malta;MLT
2016-Mauritania;2016;Mauritania;MRT
2016-Mauritius;2016;Mauritius;MUS
2016-Mexico;2016;Mexico;MEX
2016-Moldova;2016;Moldova;MDA
2016-Mongolia;2016;Mongolia;MNG
2016-Montenegro;2016;Montenegro;MNE
2016-Morocco;2016;Morocco;MAR
2016-Mozambique;2016;Mozambique;MOZ
2016-Myanmar;2016;Myanmar;MMR
2016-Namibia;2016;Namibia;NAM
2016-Nepal;2016;Nepal;NPL
2016-Netherlands;2016;Netherlands;NLD
2016-New Zealand;2016;New Zealand;NZL
2016-Nicaragua;2016;Nicaragua;NIC
2016-Niger;2016;Niger;NER
2016-Nigeria;2016;Nigeria;NGA
2016-North Cyprus;2016;North Cyprus;NON ISO CYP
2016-North Macedonia;2016;North Macedonia;MKD
2016-Norway;2016;Norway;NOR
2016-Oman;2016;Oman;OMN
2016-Pakistan;2016;Pakistan;PAK
2016-Palestinian Territories;2016;Palestinian Territories;PSE
2016-Panama;2016;Panama;PAN
2016-Paraguay;2016;Paraguay;PRY
2016-Peru;2016;Peru;PER
2016-Philippines;2016;Philippines;PHL
2016-Poland;2016;Poland;POL
2016-Portugal;2016;Portugal;PRT
2016-Qatar;2016;Qatar;QAT
2016-Romania;2016;Romania;ROU
2016-Russia;2016;Russia;RUS
2016-Rwanda;2016;Rwanda;RWA
2016-Saudi Arabia;2016;Saudi Arabia;SAU
2016-Senegal;2016;Senegal;SEN
2016-Serbia;2016;Serbia;SRB
2016-Sierra Leone;2016;Sierra Leone;SLE
2016-Singapore;2016;Singapore;SGP
2016-Slovakia;2016;Slovakia;SVK
2016-Slovenia;2016;Slovenia;SVN
2016-Somalia;2016;Somalia;SOM
2016-Somaliland region;2016;Somaliland region;NON ISO SOM
2016-South Africa;2016;South Africa;ZAF
2016-South Korea;2016;South Korea;KOR
2016-South Sudan;2016;South Sudan;SSD
2016-Spain;2016;Spain;ESP
2016-Sri Lanka;2016;Sri Lanka;LKA
2016-Sudan;2016;Sudan;SDN
2016-Suriname;2016;Suriname;SUR
2016-Swaziland;2016;Swaziland;SWZ
2016-Sweden;2016;Sweden;SWE
2016-Switzerland;2016;Switzerland;CHE
2016-Syria;2016;Syria;SYR
2016-Taiwan Province of China;2016;Taiwan Province of China;TWN
2016-Tajikistan;2016;Tajikistan;TJK
2016-Tanzania;2016;Tanzania;TZA
2016-Thailand;2016;Thailand;THA
2016-Togo;2016;Togo;TGO
2016-Trinidad and Tobago;2016;Trinidad and Tobago;TTO
2016-Tunisia;2016;Tunisia;TUN
2016-Turkey;2016;Turkey;TUR
2016-Turkmenistan;2016;Turkmenistan;TKM
2016-Uganda;2016;Uganda;UGA
2016-Ukraine;2016;Ukraine;UKR
2016-United Arab Emirates;2016;United Arab Emirates;ARE
2016-United Kingdom;2016;United Kingdom;GBR
2016-United States;2016;United States;USA
2016-Uruguay;2016;Uruguay;URY
2016-Uzbekistan;2016;Uzbekistan;UZB
2016-Venezuela;2016;Venezuela;VEN
2016-Vietnam;2016;Vietnam;VNM
2016-Yemen;2016;Yemen;YEM
2016-Zambia;2016;Zambia;ZMB
2016-Zimbabwe;2016;Zimbabwe;ZWE
2017-Afghanistan;2017;Afghanistan;AFG
2017-Albania;2017;Albania;ALB
2017-Algeria;2017;Algeria;DZA
2017-Angola;2017;Angola;AGO
2017-Argentina;2017;Argentina;ARG
2017-Armenia;2017;Armenia;ARM
2017-Australia;2017;Australia;AUS
2017-Austria;2017;Austria;AUT
2017-Azerbaijan;2017;Azerbaijan;AZE
2017-Bahrain;2017;Bahrain;BHR
2017-Bangladesh;2017;Bangladesh;BGD
2017-Belarus;2017;Belarus;BLR
2017-Belgium;2017;Belgium;BEL
2017-Belize;2017;Belize;BLZ
2017-Benin;2017;Benin;BEN
2017-Bhutan;2017;Bhutan;BTN
2017-Bolivia;2017;Bolivia;BOL
2017-Bosnia and Herzegovina;2017;Bosnia and Herzegovina;BIH
2017-Botswana;2017;Botswana;BWA
2017-Brazil;2017;Brazil;BRA
2017-Bulgaria;2017;Bulgaria;BGR
2017-Burkina Faso;2017;Burkina Faso;BFA
2017-Burundi;2017;Burundi;BDI
2017-Cambodia;2017;Cambodia;KHM
2017-Cameroon;2017;Cameroon;CMR
2017-Canada;2017;Canada;CAN
2017-Central African Republic;2017;Central African Republic;CAF
2017-Chad;2017;Chad;TCD
2017-Chile;2017;Chile;CHL
2017-China;2017;China;CHN
2017-Colombia;2017;Colombia;COL
2017-Comoros;2017;Comoros;COM
2017-Congo (Brazzaville);2017;Congo (Brazzaville);COG
2017-Congo (Kinshasa);2017;Congo (Kinshasa);COD
2017-Costa Rica;2017;Costa Rica;CRI
2017-Croatia;2017;Croatia;HRV
2017-Cuba;2017;Cuba;CUB
2017-Cyprus;2017;Cyprus;CYP
2017-Czech Republic;2017;Czech Republic;CZE
2017-Denmark;2017;Denmark;DNK
2017-Djibouti;2017;Djibouti;DJI
2017-Dominican Republic;2017;Dominican Republic;DOM
2017-Ecuador;2017;Ecuador;ECU
2017-Egypt;2017;Egypt;EGY
2017-El Salvador;2017;El Salvador;SLV
2017-Estonia;2017;Estonia;EST
2017-Ethiopia;2017;Ethiopia;ETH
2017-Finland;2017;Finland;FIN
2017-France;2017;France;FRA
2017-Gabon;2017;Gabon;GAB
2017-Gambia;2017;Gambia;GMB
2017-Georgia;2017;Georgia;GEO
2017-Germany;2017;Germany;DEU
2017-Ghana;2017;Ghana;GHA
2017-Greece;2017;Greece;GRC
2017-Guatemala;2017;Guatemala;GTM
2017-Guinea;2017;Guinea;GIN
2017-Guyana;2017;Guyana;GUY
2017-Haiti;2017;Haiti;HTI
2017-Honduras;2017;Honduras;HND
2017-Hong Kong S.A.R. of China;2017;Hong Kong S.A.R. of China;HKG
2017-Hungary;2017;Hungary;HUN
2017-Iceland;2017;Iceland;ISL
2017-India;2017;India;IND
2017-Indonesia;2017;Indonesia;IDN
2017-Iran;2017;Iran;IRN
2017-Iraq;2017;Iraq;IRQ
2017-Ireland;2017;Ireland;IRL
2017-Israel;2017;Israel;ISR
2017-Italy;2017;Italy;ITA
2017-Ivory Coast;2017;Ivory Coast;CIV
2017-Jamaica;2017;Jamaica;JAM
2017-Japan;2017;Japan;JPN
2017-Jordan;2017;Jordan;JOR
2017-Kazakhstan;2017;Kazakhstan;KAZ
2017-Kenya;2017;Kenya;KEN
2017-Kosovo;2017;Kosovo;XKX
2017-Kuwait;2017;Kuwait;KWT
2017-Kyrgyzstan;2017;Kyrgyzstan;KGZ
2017-Laos;2017;Laos;LAO
2017-Latvia;2017;Latvia;LVA
2017-Lebanon;2017;Lebanon;LBN
2017-Lesotho;2017;Lesotho;LSO
2017-Liberia;2017;Liberia;LBR
2017-Libya;2017;Libya;LBY
2017-Lithuania;2017;Lithuania;LTU
2017-Luxembourg;2017;Luxembourg;LUX
2017-Madagascar;2017;Madagascar;MDG
2017-Malawi;2017;Malawi;MWI
2017-Malaysia;2017;Malaysia;MYS
2017-Maldives;2017;Maldives;MDV
2017-Mali;2017;Mali;MLI
2017-Malta;2017;Malta;MLT
2017-Mauritania;2017;Mauritania;MRT
2017-Mauritius;2017;Mauritius;MUS
2017-Mexico;2017;Mexico;MEX
2017-Moldova;2017;Moldova;MDA
2017-Mongolia;2017;Mongolia;MNG
2017-Montenegro;2017;Montenegro;MNE
2017-Morocco;2017;Morocco;MAR
2017-Mozambique;2017;Mozambique;MOZ
2017-Myanmar;2017;Myanmar;MMR
2017-Namibia;2017;Namibia;NAM
2017-Nepal;2017;Nepal;NPL
2017-Netherlands;2017;Netherlands;NLD
2017-New Zealand;2017;New Zealand;NZL
2017-Nicaragua;2017;Nicaragua;NIC
2017-Niger;2017;Niger;NER
2017-Nigeria;2017;Nigeria;NGA
2017-North Cyprus;2017;North Cyprus;NON ISO CYP
2017-North Macedonia;2017;North Macedonia;MKD
2017-Norway;2017;Norway;NOR
2017-Oman;2017;Oman;OMN
2017-Pakistan;2017;Pakistan;PAK
2017-Palestinian Territories;2017;Palestinian Territories;PSE
2017-Panama;2017;Panama;PAN
2017-Paraguay;2017;Paraguay;PRY
2017-Peru;2017;Peru;PER
2017-Philippines;2017;Philippines;PHL
2017-Poland;2017;Poland;POL
2017-Portugal;2017;Portugal;PRT
2017-Qatar;2017;Qatar;QAT
2017-Romania;2017;Romania;ROU
2017-Russia;2017;Russia;RUS
2017-Rwanda;2017;Rwanda;RWA
2017-Saudi Arabia;2017;Saudi Arabia;SAU
2017-Senegal;2017;Senegal;SEN
2017-Serbia;2017;Serbia;SRB
2017-Sierra Leone;2017;Sierra Leone;SLE
2017-Singapore;2017;Singapore;SGP
2017-Slovakia;2017;Slovakia;SVK
2017-Slovenia;2017;Slovenia;SVN
2017-Somalia;2017;Somalia;SOM
2017-Somaliland region;2017;Somaliland region;NON ISO SOM
2017-South Africa;2017;South Africa;ZAF
2017-South Korea;2017;South Korea;KOR
2017-South Sudan;2017;South Sudan;SSD
2017-Spain;2017;Spain;ESP
2017-Sri Lanka;2017;Sri Lanka;LKA
2017-Sudan;2017;Sudan;SDN
2017-Suriname;2017;Suriname;SUR
2017-Swaziland;2017;Swaziland;SWZ
2017-Sweden;2017;Sweden;SWE
2017-Switzerland;2017;Switzerland;CHE
2017-Syria;2017;Syria;SYR
2017-Taiwan Province of China;2017;Taiwan Province of China;TWN
2017-Tajikistan;2017;Tajikistan;TJK
2017-Tanzania;2017;Tanzania;TZA
2017-Thailand;2017;Thailand;THA
2017-Togo;2017;Togo;TGO
2017-Trinidad and Tobago;2017;Trinidad and Tobago;TTO
2017-Tunisia;2017;Tunisia;TUN
2017-Turkey;2017;Turkey;TUR
2017-Turkmenistan;2017;Turkmenistan;TKM
2017-Uganda;2017;Uganda;UGA
2017-Ukraine;2017;Ukraine;UKR
2017-United Arab Emirates;2017;United Arab Emirates;ARE
2017-United Kingdom;2017;United Kingdom;GBR
2017-United States;2017;United States;USA
2017-Uruguay;2017;Uruguay;URY
2017-Uzbekistan;2017;Uzbekistan;UZB
2017-Venezuela;2017;Venezuela;VEN
2017-Vietnam;2017;Vietnam;VNM
2017-Yemen;2017;Yemen;YEM
2017-Zambia;2017;Zambia;ZMB
2017-Zimbabwe;2017;Zimbabwe;ZWE
2018-Afghanistan;2018;Afghanistan;AFG
2018-Albania;2018;Albania;ALB
2018-Algeria;2018;Algeria;DZA
2018-Angola;2018;Angola;AGO
2018-Argentina;2018;Argentina;ARG
2018-Armenia;2018;Armenia;ARM
2018-Australia;2018;Australia;AUS
2018-Austria;2018;Austria;AUT
2018-Azerbaijan;2018;Azerbaijan;AZE
2018-Bahrain;2018;Bahrain;BHR
2018-Bangladesh;2018;Bangladesh;BGD
2018-Belarus;2018;Belarus;BLR
2018-Belgium;2018;Belgium;BEL
2018-Belize;2018;Belize;BLZ
2018-Benin;2018;Benin;BEN
2018-Bhutan;2018;Bhutan;BTN
2018-Bolivia;2018;Bolivia;BOL
2018-Bosnia and Herzegovina;2018;Bosnia and Herzegovina;BIH
2018-Botswana;2018;Botswana;BWA
2018-Brazil;2018;Brazil;BRA
2018-Bulgaria;2018;Bulgaria;BGR
2018-Burkina Faso;2018;Burkina Faso;BFA
2018-Burundi;2018;Burundi;BDI
2018-Cambodia;2018;Cambodia;KHM
2018-Cameroon;2018;Cameroon;CMR
2018-Canada;2018;Canada;CAN
2018-Central African Republic;2018;Central African Republic;CAF
2018-Chad;2018;Chad;TCD
2018-Chile;2018;Chile;CHL
2018-China;2018;China;CHN
2018-Colombia;2018;Colombia;COL
2018-Comoros;2018;Comoros;COM
2018-Congo (Brazzaville);2018;Congo (Brazzaville);COG
2018-Congo (Kinshasa);2018;Congo (Kinshasa);COD
2018-Costa Rica;2018;Costa Rica;CRI
2018-Croatia;2018;Croatia;HRV
2018-Cuba;2018;Cuba;CUB
2018-Cyprus;2018;Cyprus;CYP
2018-Czech Republic;2018;Czech Republic;CZE
2018-Denmark;2018;Denmark;DNK
2018-Djibouti;2018;Djibouti;DJI
2018-Dominican Republic;2018;Dominican Republic;DOM
2018-Ecuador;2018;Ecuador;ECU
2018-Egypt;2018;Egypt;EGY
2018-El Salvador;2018;El Salvador;SLV
2018-Estonia;2018;Estonia;EST
2018-Ethiopia;2018;Ethiopia;ETH
2018-Finland;2018;Finland;FIN
2018-France;2018;France;FRA
2018-Gabon;2018;Gabon;GAB
2018-Gambia;2018;Gambia;GMB
2018-Georgia;2018;Georgia;GEO
2018-Germany;2018;Germany;DEU
2018-Ghana;2018;Ghana;GHA
2018-Greece;2018;Greece;GRC
2018-Guatemala;2018;Guatemala;GTM
2018-Guinea;2018;Guinea;GIN
2018-Guyana;2018;Guyana;GUY
2018-Haiti;2018;Haiti;HTI
2018-Honduras;2018;Honduras;HND
2018-Hong Kong S.A.R. of China;2018;Hong Kong S.A.R. of China;HKG
2018-Hungary;2018;Hungary;HUN
2018-Iceland;2018;Iceland;ISL
2018-India;2018;India;IND
2018-Indonesia;2018;Indonesia;IDN
2018-Iran;2018;Iran;IRN
2018-Iraq;2018;Iraq;IRQ
2018-Ireland;2018;Ireland;IRL
2018-Israel;2018;Israel;ISR
2018-Italy;2018;Italy;ITA
2018-Ivory Coast;2018;Ivory Coast;CIV
2018-Jamaica;2018;Jamaica;JAM
2018-Japan;2018;Japan;JPN
2018-Jordan;2018;Jordan;JOR
2018-Kazakhstan;2018;Kazakhstan;KAZ
2018-Kenya;2018;Kenya;KEN
2018-Kosovo;2018;Kosovo;XKX
2018-Kuwait;2018;Kuwait;KWT
2018-Kyrgyzstan;2018;Kyrgyzstan;KGZ
2018-Laos;2018;Laos;LAO
2018-Latvia;2018;Latvia;LVA
2018-Lebanon;2018;Lebanon;LBN
2018-Lesotho;2018;Lesotho;LSO
2018-Liberia;2018;Liberia;LBR
2018-Libya;2018;Libya;LBY
2018-Lithuania;2018;Lithuania;LTU
2018-Luxembourg;2018;Luxembourg;LUX
2018-Madagascar;2018;Madagascar;MDG
2018-Malawi;2018;Malawi;MWI
2018-Malaysia;2018;Malaysia;MYS
2018-Maldives;2018;Maldives;MDV
2018-Mali;2018;Mali;MLI
2018-Malta;2018;Malta;MLT
2018-Mauritania;2018;Mauritania;MRT
2018-Mauritius;2018;Mauritius;MUS
2018-Mexico;2018;Mexico;MEX
2018-Moldova;2018;Moldova;MDA
2018-Mongolia;2018;Mongolia;MNG
2018-Montenegro;2018;Montenegro;MNE
2018-Morocco;2018;Morocco;MAR
2018-Mozambique;2018;Mozambique;MOZ
2018-Myanmar;2018;Myanmar;MMR
2018-Namibia;2018;Namibia;NAM
2018-Nepal;2018;Nepal;NPL
2018-Netherlands;2018;Netherlands;NLD
2018-New Zealand;2018;New Zealand;NZL
2018-Nicaragua;2018;Nicaragua;NIC
2018-Niger;2018;Niger;NER
2018-Nigeria;2018;Nigeria;NGA
2018-North Cyprus;2018;North Cyprus;NON ISO CYP
2018-North Macedonia;2018;North Macedonia;MKD
2018-Norway;2018;Norway;NOR
2018-Oman;2018;Oman;OMN
2018-Pakistan;2018;Pakistan;PAK
2018-Palestinian Territories;2018;Palestinian Territories;PSE
2018-Panama;2018;Panama;PAN
2018-Paraguay;2018;Paraguay;PRY
2018-Peru;2018;Peru;PER
2018-Philippines;2018;Philippines;PHL
2018-Poland;2018;Poland;POL
2018-Portugal;2018;Portugal;PRT
2018-Qatar;2018;Qatar;QAT
2018-Romania;2018;Romania;ROU
2018-Russia;2018;Russia;RUS
2018-Rwanda;2018;Rwanda;RWA
2018-Saudi Arabia;2018;Saudi Arabia;SAU
2018-Senegal;2018;Senegal;SEN
2018-Serbia;2018;Serbia;SRB
2018-Sierra Leone;2018;Sierra Leone;SLE
2018-Singapore;2018;Singapore;SGP
2018-Slovakia;2018;Slovakia;SVK
2018-Slovenia;2018;Slovenia;SVN
2018-Somalia;2018;Somalia;SOM
2018-Somaliland region;2018;Somaliland region;NON ISO SOM
2018-South Africa;2018;South Africa;ZAF
2018-South Korea;2018;South Korea;KOR
2018-South Sudan;2018;South Sudan;SSD
2018-Spain;2018;Spain;ESP
2018-Sri Lanka;2018;Sri Lanka;LKA
2018-Sudan;2018;Sudan;SDN
2018-Suriname;2018;Suriname;SUR
2018-Swaziland;2018;Swaziland;SWZ
2018-Sweden;2018;Sweden;SWE
2018-Switzerland;2018;Switzerland;CHE
2018-Syria;2018;Syria;SYR
2018-Taiwan Province of China;2018;Taiwan Province of China;TWN
2018-Tajikistan;2018;Tajikistan;TJK
2018-Tanzania;2018;Tanzania;TZA
2018-Thailand;2018;Thailand;THA
2018-Togo;2018;Togo;TGO
2018-Trinidad and Tobago;2018;Trinidad and Tobago;TTO
2018-Tunisia;2018;Tunisia;TUN
2018-Turkey;2018;Turkey;TUR
2018-Turkmenistan;2018;Turkmenistan;TKM
2018-Uganda;2018;Uganda;UGA
2018-Ukraine;2018;Ukraine;UKR
2018-United Arab Emirates;2018;United Arab Emirates;ARE
2018-United Kingdom;2018;United Kingdom;GBR
2018-United States;2018;United States;USA
2018-Uruguay;2018;Uruguay;URY
2018-Uzbekistan;2018;Uzbekistan;UZB
2018-Venezuela;2018;Venezuela;VEN
2018-Vietnam;2018;Vietnam;VNM
2018-Yemen;2018;Yemen;YEM
2018-Zambia;2018;Zambia;ZMB
2018-Zimbabwe;2018;Zimbabwe;ZWE
2019-Afghanistan;2019;Afghanistan;AFG
2019-Albania;2019;Albania;ALB
2019-Algeria;2019;Algeria;DZA
2019-Angola;2019;Angola;AGO
2019-Argentina;2019;Argentina;ARG
2019-Armenia;2019;Armenia;ARM
2019-Australia;2019;Australia;AUS
2019-Austria;2019;Austria;AUT
2019-Azerbaijan;2019;Azerbaijan;AZE
2019-Bahrain;2019;Bahrain;BHR
2019-Bangladesh;2019;Bangladesh;BGD
2019-Belarus;2019;Belarus;BLR
2019-Belgium;2019;Belgium;BEL
2019-Belize;2019;Belize;BLZ
2019-Benin;2019;Benin;BEN
2019-Bhutan;2019;Bhutan;BTN
2019-Bolivia;2019;Bolivia;BOL
2019-Bosnia and Herzegovina;2019;Bosnia and Herzegovina;BIH
2019-Botswana;2019;Botswana;BWA
2019-Brazil;2019;Brazil;BRA
2019-Bulgaria;2019;Bulgaria;BGR
2019-Burkina Faso;2019;Burkina Faso;BFA
2019-Burundi;2019;Burundi;BDI
2019-Cambodia;2019;Cambodia;KHM
2019-Cameroon;2019;Cameroon;CMR
2019-Canada;2019;Canada;CAN
2019-Central African Republic;2019;Central African Republic;CAF
2019-Chad;2019;Chad;TCD
2019-Chile;2019;Chile;CHL
2019-China;2019;China;CHN
2019-Colombia;2019;Colombia;COL
2019-Comoros;2019;Comoros;COM
2019-Congo (Brazzaville);2019;Congo (Brazzaville);COG
2019-Congo (Kinshasa);2019;Congo (Kinshasa);COD
2019-Costa Rica;2019;Costa Rica;CRI
2019-Croatia;2019;Croatia;HRV
2019-Cuba;2019;Cuba;CUB
2019-Cyprus;2019;Cyprus;CYP
2019-Czech Republic;2019;Czech Republic;CZE
2019-Denmark;2019;Denmark;DNK
2019-Djibouti;2019;Djibouti;DJI
2019-Dominican Republic;2019;Dominican Republic;DOM
2019-Ecuador;2019;Ecuador;ECU
2019-Egypt;2019;Egypt;EGY
2019-El Salvador;2019;El Salvador;SLV
2019-Estonia;2019;Estonia;EST
2019-Ethiopia;2019;Ethiopia;ETH
2019-Finland;2019;Finland;FIN
2019-France;2019;France;FRA
2019-Gabon;2019;Gabon;GAB
2019-Gambia;2019;Gambia;GMB
2019-Georgia;2019;Georgia;GEO
2019-Germany;2019;Germany;DEU
2019-Ghana;2019;Ghana;GHA
2019-Greece;2019;Greece;GRC
2019-Guatemala;2019;Guatemala;GTM
2019-Guinea;2019;Guinea;GIN
2019-Guyana;2019;Guyana;GUY
2019-Haiti;2019;Haiti;HTI
2019-Honduras;2019;Honduras;HND
2019-Hong Kong S.A.R. of China;2019;Hong Kong S.A.R. of China;HKG
2019-Hungary;2019;Hungary;HUN
2019-Iceland;2019;Iceland;ISL
2019-India;2019;India;IND
2019-Indonesia;2019;Indonesia;IDN
2019-Iran;2019;Iran;IRN
2019-Iraq;2019;Iraq;IRQ
2019-Ireland;2019;Ireland;IRL
2019-Israel;2019;Israel;ISR
2019-Italy;2019;Italy;ITA
2019-Ivory Coast;2019;Ivory Coast;CIV
2019-Jamaica;2019;Jamaica;JAM
2019-Japan;2019;Japan;JPN
2019-Jordan;2019;Jordan;JOR
2019-Kazakhstan;2019;Kazakhstan;KAZ
2019-Kenya;2019;Kenya;KEN
2019-Kosovo;2019;Kosovo;XKX
2019-Kuwait;2019;Kuwait;KWT
2019-Kyrgyzstan;2019;Kyrgyzstan;KGZ
2019-Laos;2019;Laos;LAO
2019-Latvia;2019;Latvia;LVA
2019-Lebanon;2019;Lebanon;LBN
2019-Lesotho;2019;Lesotho;LSO
2019-Liberia;2019;Liberia;LBR
2019-Libya;2019;Libya;LBY
2019-Lithuania;2019;Lithuania;LTU
2019-Luxembourg;2019;Luxembourg;LUX
2019-Madagascar;2019;Madagascar;MDG
2019-Malawi;2019;Malawi;MWI
2019-Malaysia;2019;Malaysia;MYS
2019-Maldives;2019;Maldives;MDV
2019-Mali;2019;Mali;MLI
2019-Malta;2019;Malta;MLT
2019-Mauritania;2019;Mauritania;MRT
2019-Mauritius;2019;Mauritius;MUS
2019-Mexico;2019;Mexico;MEX
2019-Moldova;2019;Moldova;MDA
2019-Mongolia;2019;Mongolia;MNG
2019-Montenegro;2019;Montenegro;MNE
2019-Morocco;2019;Morocco;MAR
2019-Mozambique;2019;Mozambique;MOZ
2019-Myanmar;2019;Myanmar;MMR
2019-Namibia;2019;Namibia;NAM
2019-Nepal;2019;Nepal;NPL
2019-Netherlands;2019;Netherlands;NLD
2019-New Zealand;2019;New Zealand;NZL
2019-Nicaragua;2019;Nicaragua;NIC
2019-Niger;2019;Niger;NER
2019-Nigeria;2019;Nigeria;NGA
2019-North Cyprus;2019;North Cyprus;NON ISO CYP
2019-North Macedonia;2019;North Macedonia;MKD
2019-Norway;2019;Norway;NOR
2019-Oman;2019;Oman;OMN
2019-Pakistan;2019;Pakistan;PAK
2019-Palestinian Territories;2019;Palestinian Territories;PSE
2019-Panama;2019;Panama;PAN
2019-Paraguay;2019;Paraguay;PRY
2019-Peru;2019;Peru;PER
2019-Philippines;2019;Philippines;PHL
2019-Poland;2019;Poland;POL
2019-Portugal;2019;Portugal;PRT
2019-Qatar;2019;Qatar;QAT
2019-Romania;2019;Romania;ROU
2019-Russia;2019;Russia;RUS
2019-Rwanda;2019;Rwanda;RWA
2019-Saudi Arabia;2019;Saudi Arabia;SAU
2019-Senegal;2019;Senegal;SEN
2019-Serbia;2019;Serbia;SRB
2019-Sierra Leone;2019;Sierra Leone;SLE
2019-Singapore;2019;Singapore;SGP
2019-Slovakia;2019;Slovakia;SVK
2019-Slovenia;2019;Slovenia;SVN
2019-Somalia;2019;Somalia;SOM
2019-Somaliland region;2019;Somaliland region;NON ISO SOM
2019-South Africa;2019;South Africa;ZAF
2019-South Korea;2019;South Korea;KOR
2019-South Sudan;2019;South Sudan;SSD
2019-Spain;2019;Spain;ESP
2019-Sri Lanka;2019;Sri Lanka;LKA
2019-Sudan;2019;Sudan;SDN
2019-Suriname;2019;Suriname;SUR
2019-Swaziland;2019;Swaziland;SWZ
2019-Sweden;2019;Sweden;SWE
2019-Switzerland;2019;Switzerland;CHE
2019-Syria;2019;Syria;SYR
2019-Taiwan Province of China;2019;Taiwan Province of China;TWN
2019-Tajikistan;2019;Tajikistan;TJK
2019-Tanzania;2019;Tanzania;TZA
2019-Thailand;2019;Thailand;THA
2019-Togo;2019;Togo;TGO
2019-Trinidad and Tobago;2019;Trinidad and Tobago;TTO
2019-Tunisia;2019;Tunisia;TUN
2019-Turkey;2019;Turkey;TUR
2019-Turkmenistan;2019;Turkmenistan;TKM
2019-Uganda;2019;Uganda;UGA
2019-Ukraine;2019;Ukraine;UKR
2019-United Arab Emirates;2019;United Arab Emirates;ARE
2019-United Kingdom;2019;United Kingdom;GBR
2019-United States;2019;United States;USA
2019-Uruguay;2019;Uruguay;URY
2019-Uzbekistan;2019;Uzbekistan;UZB
2019-Venezuela;2019;Venezuela;VEN
2019-Vietnam;2019;Vietnam;VNM
2019-Yemen;2019;Yemen;YEM
2019-Zambia;2019;Zambia;ZMB
2019-Zimbabwe;2019;Zimbabwe;ZWE
2020-Afghanistan;2020;Afghanistan;AFG
2020-Albania;2020;Albania;ALB
2020-Algeria;2020;Algeria;DZA
2020-Angola;2020;Angola;AGO
2020-Argentina;2020;Argentina;ARG
2020-Armenia;2020;Armenia;ARM
2020-Australia;2020;Australia;AUS
2020-Austria;2020;Austria;AUT
2020-Azerbaijan;2020;Azerbaijan;AZE
2020-Bahrain;2020;Bahrain;BHR
2020-Bangladesh;2020;Bangladesh;BGD
2020-Belarus;2020;Belarus;BLR
2020-Belgium;2020;Belgium;BEL
2020-Belize;2020;Belize;BLZ
2020-Benin;2020;Benin;BEN
2020-Bhutan;2020;Bhutan;BTN
2020-Bolivia;2020;Bolivia;BOL
2020-Bosnia and Herzegovina;2020;Bosnia and Herzegovina;BIH
2020-Botswana;2020;Botswana;BWA
2020-Brazil;2020;Brazil;BRA
2020-Bulgaria;2020;Bulgaria;BGR
2020-Burkina Faso;2020;Burkina Faso;BFA
2020-Burundi;2020;Burundi;BDI
2020-Cambodia;2020;Cambodia;KHM
2020-Cameroon;2020;Cameroon;CMR
2020-Canada;2020;Canada;CAN
2020-Central African Republic;2020;Central African Republic;CAF
2020-Chad;2020;Chad;TCD
2020-Chile;2020;Chile;CHL
2020-China;2020;China;CHN
2020-Colombia;2020;Colombia;COL
2020-Comoros;2020;Comoros;COM
2020-Congo (Brazzaville);2020;Congo (Brazzaville);COG
2020-Congo (Kinshasa);2020;Congo (Kinshasa);COD
2020-Costa Rica;2020;Costa Rica;CRI
2020-Croatia;2020;Croatia;HRV
2020-Cuba;2020;Cuba;CUB
2020-Cyprus;2020;Cyprus;CYP
2020-Czech Republic;2020;Czech Republic;CZE
2020-Denmark;2020;Denmark;DNK
2020-Djibouti;2020;Djibouti;DJI
2020-Dominican Republic;2020;Dominican Republic;DOM
2020-Ecuador;2020;Ecuador;ECU
2020-Egypt;2020;Egypt;EGY
2020-El Salvador;2020;El Salvador;SLV
2020-Estonia;2020;Estonia;EST
2020-Ethiopia;2020;Ethiopia;ETH
2020-Finland;2020;Finland;FIN
2020-France;2020;France;FRA
2020-Gabon;2020;Gabon;GAB
2020-Gambia;2020;Gambia;GMB
2020-Georgia;2020;Georgia;GEO
2020-Germany;2020;Germany;DEU
2020-Ghana;2020;Ghana;GHA
2020-Greece;2020;Greece;GRC
2020-Guatemala;2020;Guatemala;GTM
2020-Guinea;2020;Guinea;GIN
2020-Guyana;2020;Guyana;GUY
2020-Haiti;2020;Haiti;HTI
2020-Honduras;2020;Honduras;HND
2020-Hong Kong S.A.R. of China;2020;Hong Kong S.A.R. of China;HKG
2020-Hungary;2020;Hungary;HUN
2020-Iceland;2020;Iceland;ISL
2020-India;2020;India;IND
2020-Indonesia;2020;Indonesia;IDN
2020-Iran;2020;Iran;IRN
2020-Iraq;2020;Iraq;IRQ
2020-Ireland;2020;Ireland;IRL
2020-Israel;2020;Israel;ISR
2020-Italy;2020;Italy;ITA
2020-Ivory Coast;2020;Ivory Coast;CIV
2020-Jamaica;2020;Jamaica;JAM
2020-Japan;2020;Japan;JPN
2020-Jordan;2020;Jordan;JOR
2020-Kazakhstan;2020;Kazakhstan;KAZ
2020-Kenya;2020;Kenya;KEN
2020-Kosovo;2020;Kosovo;XKX
2020-Kuwait;2020;Kuwait;KWT
2020-Kyrgyzstan;2020;Kyrgyzstan;KGZ
2020-Laos;2020;Laos;LAO
2020-Latvia;2020;Latvia;LVA
2020-Lebanon;2020;Lebanon;LBN
2020-Lesotho;2020;Lesotho;LSO
2020-Liberia;2020;Liberia;LBR
2020-Libya;2020;Libya;LBY
2020-Lithuania;2020;Lithuania;LTU
2020-Luxembourg;2020;Luxembourg;LUX
2020-Madagascar;2020;Madagascar;MDG
2020-Malawi;2020;Malawi;MWI
2020-Malaysia;2020;Malaysia;MYS
2020-Maldives;2020;Maldives;MDV
2020-Mali;2020;Mali;MLI
2020-Malta;2020;Malta;MLT
2020-Mauritania;2020;Mauritania;MRT
2020-Mauritius;2020;Mauritius;MUS
2020-Mexico;2020;Mexico;MEX
2020-Moldova;2020;Moldova;MDA
2020-Mongolia;2020;Mongolia;MNG
2020-Montenegro;2020;Montenegro;MNE
2020-Morocco;2020;Morocco;MAR
2020-Mozambique;2020;Mozambique;MOZ
2020-Myanmar;2020;Myanmar;MMR
2020-Namibia;2020;Namibia;NAM
2020-Nepal;2020;Nepal;NPL
2020-Netherlands;2020;Netherlands;NLD
2020-New Zealand;2020;New Zealand;NZL
2020-Nicaragua;2020;Nicaragua;NIC
2020-Niger;2020;Niger;NER
2020-Nigeria;2020;Nigeria;NGA
2020-North Cyprus;2020;North Cyprus;NON ISO CYP
2020-North Macedonia;2020;North Macedonia;MKD
2020-Norway;2020;Norway;NOR
2020-Oman;2020;Oman;OMN
2020-Pakistan;2020;Pakistan;PAK
2020-Palestinian Territories;2020;Palestinian Territories;PSE
2020-Panama;2020;Panama;PAN
2020-Paraguay;2020;Paraguay;PRY
2020-Peru;2020;Peru;PER
2020-Philippines;2020;Philippines;PHL
2020-Poland;2020;Poland;POL
2020-Portugal;2020;Portugal;PRT
2020-Qatar;2020;Qatar;QAT
2020-Romania;2020;Romania;ROU
2020-Russia;2020;Russia;RUS
2020-Rwanda;2020;Rwanda;RWA
2020-Saudi Arabia;2020;Saudi Arabia;SAU
2020-Senegal;2020;Senegal;SEN
2020-Serbia;2020;Serbia;SRB
2020-Sierra Leone;2020;Sierra Leone;SLE
2020-Singapore;2020;Singapore;SGP
2020-Slovakia;2020;Slovakia;SVK
2020-Slovenia;2020;Slovenia;SVN
2020-Somalia;2020;Somalia;SOM
2020-Somaliland region;2020;Somaliland region;NON ISO SOM
2020-South Africa;2020;South Africa;ZAF
2020-South Korea;2020;South Korea;KOR
2020-South Sudan;2020;South Sudan;SSD
2020-Spain;2020;Spain;ESP
2020-Sri Lanka;2020;Sri Lanka;LKA
2020-Sudan;2020;Sudan;SDN
2020-Suriname;2020;Suriname;SUR
2020-Swaziland;2020;Swaziland;SWZ
2020-Sweden;2020;Sweden;SWE
2020-Switzerland;2020;Switzerland;CHE
2020-Syria;2020;Syria;SYR
2020-Taiwan Province of China;2020;Taiwan Province of China;TWN
2020-Tajikistan;2020;Tajikistan;TJK
2020-Tanzania;2020;Tanzania;TZA
2020-Thailand;2020;Thailand;THA
2020-Togo;2020;Togo;TGO
2020-Trinidad and Tobago;2020;Trinidad and Tobago;TTO
2020-Tunisia;2020;Tunisia;TUN
2020-Turkey;2020;Turkey;TUR
2020-Turkmenistan;2020;Turkmenistan;TKM
2020-Uganda;2020;Uganda;UGA
2020-Ukraine;2020;Ukraine;UKR
2020-United Arab Emirates;2020;United Arab Emirates;ARE
2020-United Kingdom;2020;United Kingdom;GBR
2020-United States;2020;United States;USA
2020-Uruguay;2020;Uruguay;URY
2020-Uzbekistan;2020;Uzbekistan;UZB
2020-Venezuela;2020;Venezuela;VEN
2020-Vietnam;2020;Vietnam;VNM
2020-Yemen;2020;Yemen;YEM
2020-Zambia;2020;Zambia;ZMB
2020-Zimbabwe;2020;Zimbabwe;ZWE
